case_id,case_name,factor,level,scenario_id,scenario_name,method,solution_hash,scenario_objective_if_completed,deterministic_objective,objective_change,value_drop_ratio,feasible_under_scenario,unavailable_assignment_count,overtime_device_count,total_overtime,max_overtime,mean_utilization,max_utilization,intrinsic_block_value,ordinary_processing_increment,precision_processing_increment,same_precision_reward,precision_mismatch_penalty,cross_crack_loss
C01,均衡基准：VDF修正VF,scenario,,U0,基准情景,VF,3844e54f592bff19,2472.9276837800717,2472.9276837800717,0.0,0.0,True,0,0,0.0,0.0,0.868299575718136,1.0,1352.927683780072,1056.0,216.0,0.0,140.0,12.0
C01,均衡基准：VDF修正VF,scenario,,U1,普通设备降速,VF,3844e54f592bff19,2472.9276837800717,2472.9276837800717,0.0,0.0,False,0,3,9.915412724519399,4.523809523809524,1.2955176078818749,1.9047619047619047,1352.927683780072,1056.0,216.0,0.0,140.0,12.0
C01,均衡基准：VDF修正VF,scenario,,U2,精密设备降速,VF,3844e54f592bff19,2472.9276837800717,2472.9276837800717,0.0,0.0,True,0,0,0.0,0.0,0.8463215537401141,1.0,1352.927683780072,1056.0,216.0,0.0,140.0,12.0
C01,均衡基准：VDF修正VF,scenario,,U3,全设备效率下降,VF,3844e54f592bff19,2472.9276837800717,2472.9276837800717,0.0,0.0,False,0,3,16.14426590564925,6.904761904761903,1.544671735127069,2.3809523809523805,1352.927683780072,1056.0,216.0,0.0,140.0,12.0
C01,均衡基准：VDF修正VF,scenario,,U4,普通设备故障,VF,3844e54f592bff19,2472.9276837800717,2472.9276837800717,0.0,0.0,False,5,0,0.0,0.0,0.6855677655677654,1.0,1352.927683780072,1056.0,216.0,0.0,140.0,12.0
C01,均衡基准：VDF修正VF,scenario,,U5,精密设备故障,VF,3844e54f592bff19,2472.9276837800717,2472.9276837800717,0.0,0.0,False,1,0,0.0,0.0,0.7540138614324217,1.0,1352.927683780072,1056.0,216.0,0.0,140.0,12.0
C01,均衡基准：VDF修正VF,scenario,,U6,隐藏裂纹出现,VF,3844e54f592bff19,2449.3391987327877,2472.9276837800717,-23.58848504728394,0.009538687767539977,False,0,1,0.09669931125621645,0.09669931125621645,0.8721675481683846,1.0193398622512433,1330.8391987327875,1056.0,216.0,0.0,140.0,13.5
C01,均衡基准：VDF修正VF,scenario,,U7,复合压力情景,VF,3844e54f592bff19,2418.3041593967764,2472.9276837800717,-54.62352438329526,0.022088605640015625,False,5,1,6.99241131419728,6.99241131419728,0.9435425015668143,2.398482262839456,1302.8041593967766,1056.0,216.0,0.0,140.0,16.5
C01,均衡基准：VDF修正VF,scenario,,U0,基准情景,VDF,9d2cf2efce500650,2448.9276837800717,2448.9276837800717,0.0,0.0,True,0,0,0.0,0.0,0.8499319915175928,1.0,1352.927683780072,1104.0,144.0,0.0,140.0,12.0
C01,均衡基准：VDF修正VF,scenario,,U1,普通设备降速,VDF,9d2cf2efce500650,2448.9276837800717,2448.9276837800717,0.0,0.0,False,0,3,10.520549861672073,4.523809523809524,1.2868322178757745,1.9047619047619047,1352.927683780072,1104.0,144.0,0.0,140.0,12.0
C01,均衡基准：VDF修正VF,scenario,,U2,精密设备降速,VDF,9d2cf2efce500650,2448.9276837800717,2448.9276837800717,0.0,0.0,True,0,0,0.0,0.0,0.8300460825317864,1.0,1352.927683780072,1104.0,144.0,0.0,140.0,12.0
C01,均衡基准：VDF修正VF,scenario,,U3,全设备效率下降,VDF,9d2cf2efce500650,2448.9276837800717,2448.9276837800717,0.0,0.0,False,0,3,16.90068732709009,6.904761904761903,1.5420377164924954,2.3809523809523805,1352.927683780072,1104.0,144.0,0.0,140.0,12.0
C01,均衡基准：VDF修正VF,scenario,,U4,普通设备故障,VDF,9d2cf2efce500650,2448.9276837800717,2448.9276837800717,0.0,0.0,False,6,0,0.0,0.0,0.6526768900755583,1.0,1352.927683780072,1104.0,144.0,0.0,140.0,12.0
C01,均衡基准：VDF修正VF,scenario,,U5,精密设备故障,VDF,9d2cf2efce500650,2448.9276837800717,2448.9276837800717,0.0,0.0,False,1,0,0.0,0.0,0.6888294604163934,1.0,1352.927683780072,1104.0,144.0,0.0,140.0,12.0
C01,均衡基准：VDF修正VF,scenario,,U6,隐藏裂纹出现,VDF,9d2cf2efce500650,2425.3391987327877,2448.9276837800717,-23.58848504728394,0.009632168889068071,True,0,0,0.0,0.0,0.8550892881179244,1.0,1330.8391987327875,1104.0,144.0,0.0,140.0,13.5
C01,均衡基准：VDF修正VF,scenario,,U7,复合压力情景,VDF,9d2cf2efce500650,2394.3041593967764,2448.9276837800717,-54.62352438329526,0.02230507856360236,False,6,1,6.428571428571425,6.428571428571425,0.9321293968772044,2.285714285714285,1302.8041593967766,1104.0,144.0,0.0,140.0,16.5
C01,均衡基准：VDF修正VF,scenario,,U0,基准情景,MG,2d5e958b8e2bb8f1,2493.9276837800717,2493.9276837800717,0.0,0.0,True,0,0,0.0,0.0,0.8574447283857012,1.0,1352.927683780072,1104.0,144.0,5.0,100.0,12.0
C01,均衡基准：VDF修正VF,scenario,,U1,普通设备降速,MG,2d5e958b8e2bb8f1,2493.9276837800717,2493.9276837800717,0.0,0.0,False,0,3,10.520549861672073,4.523809523809524,1.294344954743883,1.9047619047619047,1352.927683780072,1104.0,144.0,5.0,100.0,12.0
C01,均衡基准：VDF修正VF,scenario,,U2,精密设备降速,MG,2d5e958b8e2bb8f1,2493.9276837800717,2493.9276837800717,0.0,0.0,True,0,0,0.0,0.0,0.8369809165638863,1.0,1352.927683780072,1104.0,144.0,5.0,100.0,12.0
C01,均衡基准：VDF修正VF,scenario,,U3,全设备效率下降,MG,2d5e958b8e2bb8f1,2493.9276837800717,2493.9276837800717,0.0,0.0,False,0,3,16.90068732709009,6.904761904761903,1.5495504533606037,2.3809523809523805,1352.927683780072,1104.0,144.0,5.0,100.0,12.0
C01,均衡基准：VDF修正VF,scenario,,U4,普通设备故障,MG,2d5e958b8e2bb8f1,2493.9276837800717,2493.9276837800717,0.0,0.0,False,6,0,0.0,0.0,0.6601896269436667,1.0,1352.927683780072,1104.0,144.0,5.0,100.0,12.0
C01,均衡基准：VDF修正VF,scenario,,U5,精密设备故障,MG,2d5e958b8e2bb8f1,2493.9276837800717,2493.9276837800717,0.0,0.0,False,1,0,0.0,0.0,0.6888294604163934,1.0,1352.927683780072,1104.0,144.0,5.0,100.0,12.0
C01,均衡基准：VDF修正VF,scenario,,U6,隐藏裂纹出现,MG,2d5e958b8e2bb8f1,2470.3391987327877,2493.9276837800717,-23.58848504728394,0.009458367698750043,True,0,0,0.0,0.0,0.8626020249860329,1.0,1330.8391987327875,1104.0,144.0,5.0,100.0,13.5
C01,均衡基准：VDF修正VF,scenario,,U7,复合压力情景,MG,2d5e958b8e2bb8f1,2439.3041593967764,2493.9276837800717,-54.62352438329526,0.021902609581887247,False,6,1,6.428571428571425,6.428571428571425,0.9165010557767681,2.285714285714285,1302.8041593967766,1104.0,144.0,5.0,100.0,16.5
C01,均衡基准：VDF修正VF,scenario,,U0,基准情景,MG-LS,d5d1241f4fd6984b,2542.9276837800717,2542.9276837800717,0.0,0.0,True,0,0,0.0,0.0,0.8849305389044287,0.9862755072101725,1352.927683780072,1056.0,216.0,10.0,80.0,12.0
C01,均衡基准：VDF修正VF,scenario,,U1,普通设备降速,MG-LS,d5d1241f4fd6984b,2542.9276837800717,2542.9276837800717,0.0,0.0,False,0,3,10.020915189987733,4.024174852125185,1.312337706500608,1.804834970425037,1352.927683780072,1056.0,216.0,10.0,80.0,12.0
C01,均衡基准：VDF修正VF,scenario,,U2,精密设备降速,MG-LS,d5d1241f4fd6984b,2542.9276837800717,2542.9276837800717,0.0,0.0,True,0,0,0.0,0.0,0.8620525169264068,0.9862755072101725,1352.927683780072,1056.0,216.0,10.0,80.0,12.0
C01,均衡基准：VDF修正VF,scenario,,U3,全设备效率下降,MG-LS,d5d1241f4fd6984b,2542.9276837800717,2542.9276837800717,0.0,0.0,False,0,3,16.276143987484666,6.2802185651564795,1.5625468584004856,2.256043713031296,1352.927683780072,1056.0,216.0,10.0,80.0,12.0
C01,均衡基准：VDF修正VF,scenario,,U4,普通设备故障,MG-LS,d5d1241f4fd6984b,2542.9276837800717,2542.9276837800717,0.0,0.0,False,6,0,0.0,0.0,0.6876754374623942,0.9860769230769229,1352.927683780072,1056.0,216.0,10.0,80.0,12.0
C01,均衡基准：VDF修正VF,scenario,,U5,精密设备故障,MG-LS,d5d1241f4fd6984b,2542.9276837800717,2542.9276837800717,0.0,0.0,False,1,0,0.0,0.0,0.7706448246187145,0.9862755072101725,1352.927683780072,1056.0,216.0,10.0,80.0,12.0
C01,均衡基准：VDF修正VF,scenario,,U6,隐藏裂纹出现,MG-LS,d5d1241f4fd6984b,2519.3391987327877,2542.9276837800717,-23.58848504728394,0.009276113197296891,True,0,0,0.0,0.0,0.8900878355047604,0.9862755072101725,1330.8391987327875,1056.0,216.0,10.0,80.0,13.5
C01,均衡基准：VDF修正VF,scenario,,U7,复合压力情景,MG-LS,d5d1241f4fd6984b,2488.3041593967764,2542.9276837800717,-54.62352438329526,0.021480565385995243,False,6,1,5.829009822550219,5.829009822550219,0.9181890378523262,2.165801964510044,1302.8041593967766,1056.0,216.0,10.0,80.0,16.5
C02,小规模时间密度主导,scenario,,U0,基准情景,VF,10d8340f57d7f20f,3231.241035374571,3231.241035374571,0.0,0.0,True,0,0,0.0,0.0,0.4921914554206653,0.9333333333333332,459.2410353745711,24.0,1440.0,1800.0,490.0,2.0
C02,小规模时间密度主导,scenario,,U1,普通设备降速,VF,10d8340f57d7f20f,3231.241035374571,3231.241035374571,0.0,0.0,False,0,1,5.666666666666664,5.666666666666664,0.7941753823763555,1.944444444444444,459.2410353745711,24.0,1440.0,1800.0,490.0,2.0
C02,小规模时间密度主导,scenario,,U2,精密设备降速,VF,10d8340f57d7f20f,3231.241035374571,3231.241035374571,0.0,0.0,False,0,2,10.547471024739096,8.999999999999998,0.9886841085420415,2.4999999999999996,459.2410353745711,24.0,1440.0,1800.0,490.0,2.0
C02,小规模时间密度主导,scenario,,U3,全设备效率下降,VF,10d8340f57d7f20f,3231.241035374571,3231.241035374571,0.0,0.0,True,0,0,0.0,0.0,0.5660006791875342,0.9333333333333332,459.2410353745711,24.0,1440.0,1800.0,490.0,2.0
C02,小规模时间密度主导,scenario,,U4,普通设备故障,VF,10d8340f57d7f20f,3231.241035374571,3231.241035374571,0.0,0.0,False,2,0,0.0,0.0,0.4429853062427527,0.9333333333333332,459.2410353745711,24.0,1440.0,1800.0,490.0,2.0
C02,小规模时间密度主导,scenario,,U5,精密设备故障,VF,10d8340f57d7f20f,3231.241035374571,3231.241035374571,0.0,0.0,False,3,0,0.0,0.0,0.2825394825112459,0.9333333333333332,459.2410353745711,24.0,1440.0,1800.0,490.0,2.0
C02,小规模时间密度主导,scenario,,U6,隐藏裂纹出现,VF,10d8340f57d7f20f,3218.7428877218836,3231.241035374571,-12.498147652687294,0.0038679094242310176,True,0,0,0.0,0.0,0.49566204209744,0.9424084448211496,447.2428877218838,24.0,1440.0,1800.0,490.0,2.5
C02,小规模时间密度主导,scenario,,U7,复合压力情景,VF,10d8340f57d7f20f,3203.920351374768,3231.241035374571,-27.320683999802895,0.0084551674420772,False,2,1,8.282608630198231,8.282608630198231,0.8047606658343457,2.380434771699705,432.92035137476825,24.0,1440.0,1800.0,490.0,3.0
C02,小规模时间密度主导,scenario,,U0,基准情景,VDF,10d8340f57d7f20f,3231.241035374571,3231.241035374571,0.0,0.0,True,0,0,0.0,0.0,0.4921914554206653,0.9333333333333332,459.2410353745711,24.0,1440.0,1800.0,490.0,2.0
C02,小规模时间密度主导,scenario,,U1,普通设备降速,VDF,10d8340f57d7f20f,3231.241035374571,3231.241035374571,0.0,0.0,False,0,1,5.666666666666664,5.666666666666664,0.7941753823763555,1.944444444444444,459.2410353745711,24.0,1440.0,1800.0,490.0,2.0
C02,小规模时间密度主导,scenario,,U2,精密设备降速,VDF,10d8340f57d7f20f,3231.241035374571,3231.241035374571,0.0,0.0,False,0,2,10.547471024739096,8.999999999999998,0.9886841085420415,2.4999999999999996,459.2410353745711,24.0,1440.0,1800.0,490.0,2.0
C02,小规模时间密度主导,scenario,,U3,全设备效率下降,VDF,10d8340f57d7f20f,3231.241035374571,3231.241035374571,0.0,0.0,True,0,0,0.0,0.0,0.5660006791875342,0.9333333333333332,459.2410353745711,24.0,1440.0,1800.0,490.0,2.0
C02,小规模时间密度主导,scenario,,U4,普通设备故障,VDF,10d8340f57d7f20f,3231.241035374571,3231.241035374571,0.0,0.0,False,2,0,0.0,0.0,0.4429853062427527,0.9333333333333332,459.2410353745711,24.0,1440.0,1800.0,490.0,2.0
C02,小规模时间密度主导,scenario,,U5,精密设备故障,VDF,10d8340f57d7f20f,3231.241035374571,3231.241035374571,0.0,0.0,False,3,0,0.0,0.0,0.2825394825112459,0.9333333333333332,459.2410353745711,24.0,1440.0,1800.0,490.0,2.0
C02,小规模时间密度主导,scenario,,U6,隐藏裂纹出现,VDF,10d8340f57d7f20f,3218.7428877218836,3231.241035374571,-12.498147652687294,0.0038679094242310176,True,0,0,0.0,0.0,0.49566204209744,0.9424084448211496,447.2428877218838,24.0,1440.0,1800.0,490.0,2.5
C02,小规模时间密度主导,scenario,,U7,复合压力情景,VDF,10d8340f57d7f20f,3203.920351374768,3231.241035374571,-27.320683999802895,0.0084551674420772,False,2,1,8.282608630198231,8.282608630198231,0.8047606658343457,2.380434771699705,432.92035137476825,24.0,1440.0,1800.0,490.0,3.0
C02,小规模时间密度主导,scenario,,U0,基准情景,MG,025576f29581ea7b,601.2410353745711,601.2410353745711,0.0,0.0,True,0,0,0.0,0.0,0.28398898363980546,0.9335077779415243,459.2410353745711,144.0,0.0,0.0,0.0,2.0
C02,小规模时间密度主导,scenario,,U1,普通设备降速,MG,025576f29581ea7b,601.2410353745711,601.2410353745711,0.0,0.0,False,0,1,5.202093335298292,5.202093335298292,0.5511072875614694,1.8670155558830486,459.2410353745711,144.0,0.0,0.0,0.0,2.0
C02,小规模时间密度主导,scenario,,U2,精密设备降速,MG,025576f29581ea7b,601.2410353745711,601.2410353745711,0.0,0.0,True,0,0,0.0,0.0,0.28398898363980546,0.9335077779415243,459.2410353745711,144.0,0.0,0.0,0.0,2.0
C02,小规模时间密度主导,scenario,,U3,全设备效率下降,MG,025576f29581ea7b,601.2410353745711,601.2410353745711,0.0,0.0,False,0,1,8.00261666912287,8.00261666912287,0.6888841094518371,2.3337694448538118,459.2410353745711,144.0,0.0,0.0,0.0,2.0
C02,小规模时间密度主导,scenario,,U4,普通设备故障,MG,025576f29581ea7b,601.2410353745711,601.2410353745711,0.0,0.0,False,10,0,0.0,0.0,0.05061203915442437,0.20244815661769747,459.2410353745711,144.0,0.0,0.0,0.0,2.0
C02,小规模时间密度主导,scenario,,U5,精密设备故障,MG,025576f29581ea7b,601.2410353745711,601.2410353745711,0.0,0.0,True,0,0,0.0,0.0,0.28398898363980546,0.9335077779415243,459.2410353745711,144.0,0.0,0.0,0.0,2.0
C02,小规模时间密度主导,scenario,,U6,隐藏裂纹出现,MG,025576f29581ea7b,588.7428877218838,601.2410353745711,-12.498147652687294,0.020787249900368145,True,0,0,0.0,0.0,0.28680067002790655,0.9398099386969524,447.2428877218838,144.0,0.0,0.0,0.0,2.5
C02,小规模时间密度主导,scenario,,U7,复合压力情景,MG,025576f29581ea7b,573.9203513747682,601.2410353745711,-27.320683999802895,0.045440484584992114,False,10,0,0.0,0.0,0.10702896044689221,0.42811584178756884,432.92035137476825,144.0,0.0,0.0,0.0,3.0
C02,小规模时间密度主导,scenario,,U0,基准情景,MG-LS,e5571816635860fd,4051.241035374571,4051.241035374571,0.0,0.0,True,0,0,0.0,0.0,0.4927615175914426,0.9528237629321933,459.2410353745711,24.0,1440.0,2340.0,210.0,2.0
C02,小规模时间密度主导,scenario,,U1,普通设备降速,MG-LS,e5571816635860fd,4051.241035374571,4051.241035374571,0.0,0.0,False,0,1,5.910297036652413,5.910297036652413,0.7971142496818744,1.9850495061087354,459.2410353745711,24.0,1440.0,2340.0,210.0,2.0
C02,小规模时间密度主导,scenario,,U2,精密设备降速,MG-LS,e5571816635860fd,4051.241035374571,4051.241035374571,0.0,0.0,False,0,2,10.810573147360055,9.313239047124531,0.9967368441029651,2.5522065078540885,459.2410353745711,24.0,1440.0,2340.0,210.0,2.0
C02,小规模时间密度主导,scenario,,U3,全设备效率下降,MG-LS,e5571816635860fd,4051.241035374571,4051.241035374571,0.0,0.0,True,0,0,0.0,0.0,0.562205962035887,0.9528237629321933,459.2410353745711,24.0,1440.0,2340.0,210.0,2.0
C02,小规模时间密度主导,scenario,,U4,普通设备故障,MG-LS,e5571816635860fd,4051.241035374571,4051.241035374571,0.0,0.0,False,2,0,0.0,0.0,0.44646522129514626,0.9528237629321933,459.2410353745711,24.0,1440.0,2340.0,210.0,2.0
C02,小规模时间密度主导,scenario,,U5,精密设备故障,MG-LS,e5571816635860fd,4051.241035374571,4051.241035374571,0.0,0.0,False,3,0,0.0,0.0,0.28450223702934463,0.9528237629321933,459.2410353745711,24.0,1440.0,2340.0,210.0,2.0
C02,小规模时间密度主导,scenario,,U6,隐藏裂纹出现,MG-LS,e5571816635860fd,4038.7428877218836,4051.241035374571,-12.498147652687294,0.0030850170462720285,True,0,0,0.0,0.0,0.4985621417469512,0.9618988744200095,447.2428877218838,24.0,1440.0,2340.0,210.0,2.5
C02,小规模时间密度主导,scenario,,U7,复合压力情景,MG-LS,e5571816635860fd,4023.920351374768,4051.241035374571,-27.320683999802895,0.006743781414446715,False,2,1,8.321728539583997,8.321728539583997,0.8132906584800648,2.386954756597333,432.92035137476825,24.0,1440.0,2340.0,210.0,3.0
C03,大规模相邻关系主导,scenario,,U0,基准情景,VF,2c6ee13de2638a58,4559.05302579855,4559.05302579855,0.0,0.0,True,0,0,0.0,0.0,0.8783544425153134,0.9615384615384615,1706.0530257985506,972.0,1200.0,1080.0,360.0,39.0
C03,大规模相邻关系主导,scenario,,U1,普通设备降速,VF,2c6ee13de2638a58,4559.05302579855,4559.05302579855,0.0,0.0,False,0,1,1.4666666666666668,1.4666666666666668,0.9183629004925213,1.2820512820512822,1706.0530257985506,972.0,1200.0,1080.0,360.0,39.0
C03,大规模相邻关系主导,scenario,,U2,精密设备降速,VF,2c6ee13de2638a58,4559.05302579855,4559.05302579855,0.0,0.0,False,0,2,6.083516483516483,3.371428571428571,1.0563315135212306,1.6483516483516483,1706.0530257985506,972.0,1200.0,1080.0,360.0,39.0
C03,大规模相邻关系主导,scenario,,U3,全设备效率下降,VF,2c6ee13de2638a58,4559.05302579855,4559.05302579855,0.0,0.0,False,0,5,6.273139157295026,3.1333333333333337,1.097079898381722,1.6025641025641026,1706.0530257985506,972.0,1200.0,1080.0,360.0,39.0
C03,大规模相邻关系主导,scenario,,U4,普通设备故障,VF,2c6ee13de2638a58,4559.05302579855,4559.05302579855,0.0,0.0,False,3,0,0.0,0.0,0.7865276750493095,0.9615384615384615,1706.0530257985506,972.0,1200.0,1080.0,360.0,39.0
C03,大规模相邻关系主导,scenario,,U5,精密设备故障,VF,2c6ee13de2638a58,4559.05302579855,4559.05302579855,0.0,0.0,False,3,0,0.0,0.0,0.7674076969531831,0.9615384615384615,1706.0530257985506,972.0,1200.0,1080.0,360.0,39.0
C03,大规模相邻关系主导,scenario,,U6,隐藏裂纹出现,VF,2c6ee13de2638a58,4529.951352195339,4559.05302579855,-29.101673603211566,0.0063832715782274115,True,0,0,0.0,0.0,0.8788039232410929,0.9651343073446988,1682.9513521953384,972.0,1200.0,1080.0,360.0,45.0
C03,大规模相邻关系主导,scenario,,U7,复合压力情景,VF,2c6ee13de2638a58,4499.958518503951,4559.05302579855,-59.09450729459877,0.012962013593655878,False,3,2,3.822222222222223,2.8,0.8965090300871497,1.5384615384615383,1655.9585185039514,972.0,1200.0,1080.0,360.0,48.0
C03,大规模相邻关系主导,scenario,,U0,基准情景,VDF,d7d8066b90b5a796,3809.05302579855,3809.05302579855,0.0,0.0,True,0,0,0.0,0.0,0.8783544425153134,0.9615384615384615,1706.0530257985506,972.0,1200.0,600.0,630.0,39.0
C03,大规模相邻关系主导,scenario,,U1,普通设备降速,VDF,d7d8066b90b5a796,3809.05302579855,3809.05302579855,0.0,0.0,False,0,1,1.4666666666666668,1.4666666666666668,0.9183629004925213,1.2820512820512822,1706.0530257985506,972.0,1200.0,600.0,630.0,39.0
C03,大规模相邻关系主导,scenario,,U2,精密设备降速,VDF,d7d8066b90b5a796,3809.05302579855,3809.05302579855,0.0,0.0,False,0,2,6.083516483516483,3.371428571428571,1.0563315135212306,1.6483516483516483,1706.0530257985506,972.0,1200.0,600.0,630.0,39.0
C03,大规模相邻关系主导,scenario,,U3,全设备效率下降,VDF,d7d8066b90b5a796,3809.05302579855,3809.05302579855,0.0,0.0,False,0,5,6.273139157295026,3.1333333333333337,1.097079898381722,1.6025641025641026,1706.0530257985506,972.0,1200.0,600.0,630.0,39.0
C03,大规模相邻关系主导,scenario,,U4,普通设备故障,VDF,d7d8066b90b5a796,3809.05302579855,3809.05302579855,0.0,0.0,False,3,0,0.0,0.0,0.7865276750493095,0.9615384615384615,1706.0530257985506,972.0,1200.0,600.0,630.0,39.0
C03,大规模相邻关系主导,scenario,,U5,精密设备故障,VDF,d7d8066b90b5a796,3809.05302579855,3809.05302579855,0.0,0.0,False,3,0,0.0,0.0,0.7674076969531831,0.9615384615384615,1706.0530257985506,972.0,1200.0,600.0,630.0,39.0
C03,大规模相邻关系主导,scenario,,U6,隐藏裂纹出现,VDF,d7d8066b90b5a796,3779.9513521953386,3809.05302579855,-29.101673603211566,0.007640133494101342,True,0,0,0.0,0.0,0.8793225548477618,0.9615384615384615,1682.9513521953384,972.0,1200.0,600.0,630.0,45.0
C03,大规模相邻关系主导,scenario,,U7,复合压力情景,VDF,d7d8066b90b5a796,3749.9585185039514,3809.05302579855,-59.09450729459877,0.015514225424102591,False,3,2,3.822222222222223,2.8,0.8970545778132571,1.5384615384615383,1655.9585185039514,972.0,1200.0,600.0,630.0,48.0
C03,大规模相邻关系主导,scenario,,U0,基准情景,MG,f17573795888b997,5225.05302579855,5225.05302579855,0.0,0.0,True,0,0,0.0,0.0,0.9232677669763977,0.9615384615384615,1706.0530257985506,1008.0,1200.0,1560.0,210.0,39.0
C03,大规模相邻关系主导,scenario,,U1,普通设备降速,MG,f17573795888b997,5225.05302579855,5225.05302579855,0.0,0.0,False,0,1,1.4666666666666668,1.4666666666666668,0.9632762249536057,1.2820512820512822,1706.0530257985506,1008.0,1200.0,1560.0,210.0,39.0
C03,大规模相邻关系主导,scenario,,U2,精密设备降速,MG,f17573795888b997,5225.05302579855,5225.05302579855,0.0,0.0,False,0,2,6.698302332818786,3.371428571428571,1.1090776094823291,1.6483516483516483,1706.0530257985506,1008.0,1200.0,1560.0,210.0,39.0
C03,大规模相邻关系主导,scenario,,U3,全设备效率下降,MG,f17573795888b997,5225.05302579855,5225.05302579855,0.0,0.0,False,0,5,7.692571868150097,3.1333333333333337,1.1515470968581771,1.6025641025641026,1706.0530257985506,1008.0,1200.0,1560.0,210.0,39.0
C03,大规模相邻关系主导,scenario,,U4,普通设备故障,MG,f17573795888b997,5225.05302579855,5225.05302579855,0.0,0.0,False,4,0,0.0,0.0,0.8068738948994408,0.9615384615384615,1706.0530257985506,1008.0,1200.0,1560.0,210.0,39.0
C03,大规模相邻关系主导,scenario,,U5,精密设备故障,MG,f17573795888b997,5225.05302579855,5225.05302579855,0.0,0.0,False,3,0,0.0,0.0,0.8037002262517753,0.9615384615384615,1706.0530257985506,1008.0,1200.0,1560.0,210.0,39.0
C03,大规模相邻关系主导,scenario,,U6,隐藏裂纹出现,MG,f17573795888b997,5195.951352195339,5225.05302579855,-29.101673603211566,0.005569641773877295,True,0,0,0.0,0.0,0.9237172477021773,0.9651343073446988,1682.9513521953384,1008.0,1200.0,1560.0,210.0,45.0
C03,大规模相邻关系主导,scenario,,U7,复合压力情景,MG,f17573795888b997,5165.958518503951,5225.05302579855,-59.09450729459877,0.011309838771553385,False,4,2,3.822222222222223,2.8,0.916855249937281,1.5384615384615383,1655.9585185039514,1008.0,1200.0,1560.0,210.0,48.0
C03,大规模相邻关系主导,scenario,,U0,基准情景,MG-LS,f17573795888b997,5225.05302579855,5225.05302579855,0.0,0.0,True,0,0,0.0,0.0,0.9232677669763977,0.9615384615384615,1706.0530257985506,1008.0,1200.0,1560.0,210.0,39.0
C03,大规模相邻关系主导,scenario,,U1,普通设备降速,MG-LS,f17573795888b997,5225.05302579855,5225.05302579855,0.0,0.0,False,0,1,1.4666666666666668,1.4666666666666668,0.9632762249536057,1.2820512820512822,1706.0530257985506,1008.0,1200.0,1560.0,210.0,39.0
C03,大规模相邻关系主导,scenario,,U2,精密设备降速,MG-LS,f17573795888b997,5225.05302579855,5225.05302579855,0.0,0.0,False,0,2,6.698302332818786,3.371428571428571,1.1090776094823291,1.6483516483516483,1706.0530257985506,1008.0,1200.0,1560.0,210.0,39.0
C03,大规模相邻关系主导,scenario,,U3,全设备效率下降,MG-LS,f17573795888b997,5225.05302579855,5225.05302579855,0.0,0.0,False,0,5,7.692571868150097,3.1333333333333337,1.1515470968581771,1.6025641025641026,1706.0530257985506,1008.0,1200.0,1560.0,210.0,39.0
C03,大规模相邻关系主导,scenario,,U4,普通设备故障,MG-LS,f17573795888b997,5225.05302579855,5225.05302579855,0.0,0.0,False,4,0,0.0,0.0,0.8068738948994408,0.9615384615384615,1706.0530257985506,1008.0,1200.0,1560.0,210.0,39.0
C03,大规模相邻关系主导,scenario,,U5,精密设备故障,MG-LS,f17573795888b997,5225.05302579855,5225.05302579855,0.0,0.0,False,3,0,0.0,0.0,0.8037002262517753,0.9615384615384615,1706.0530257985506,1008.0,1200.0,1560.0,210.0,39.0
C03,大规模相邻关系主导,scenario,,U6,隐藏裂纹出现,MG-LS,f17573795888b997,5195.951352195339,5225.05302579855,-29.101673603211566,0.005569641773877295,True,0,0,0.0,0.0,0.9237172477021773,0.9651343073446988,1682.9513521953384,1008.0,1200.0,1560.0,210.0,45.0
C03,大规模相邻关系主导,scenario,,U7,复合压力情景,MG-LS,f17573795888b997,5165.958518503951,5225.05302579855,-59.09450729459877,0.011309838771553385,False,4,2,3.822222222222223,2.8,0.916855249937281,1.5384615384615383,1655.9585185039514,1008.0,1200.0,1560.0,210.0,48.0
C04,大规模紧工期资源竞争,scenario,,U0,基准情景,VF,7b8c66ef0fa864bd,3752.0795386978252,3752.0795386978252,0.0,0.0,True,0,0,0.0,0.0,0.9422183507549362,0.9756097560975611,2559.0795386978252,432.0,720.0,480.0,400.0,39.0
C04,大规模紧工期资源竞争,scenario,,U1,普通设备降速,VF,7b8c66ef0fa864bd,3752.0795386978252,3752.0795386978252,0.0,0.0,False,0,2,0.68888888888889,0.344444444444445,0.9614143760485225,1.0840108401084012,2559.0795386978252,432.0,720.0,480.0,400.0,39.0
C04,大规模紧工期资源竞争,scenario,,U2,精密设备降速,VF,7b8c66ef0fa864bd,3752.0795386978252,3752.0795386978252,0.0,0.0,False,0,2,3.555102040816326,2.757142857142857,1.1180935788949726,1.6724738675958188,2559.0795386978252,432.0,720.0,480.0,400.0,39.0
C04,大规模紧工期资源竞争,scenario,,U3,全设备效率下降,VF,7b8c66ef0fa864bd,3752.0795386978252,3752.0795386978252,0.0,0.0,False,0,4,5.5444444444444425,2.5666666666666664,1.19402503548845,1.6260162601626016,2559.0795386978252,432.0,720.0,480.0,400.0,39.0
C04,大规模紧工期资源竞争,scenario,,U4,普通设备故障,VF,7b8c66ef0fa864bd,3752.0795386978252,3752.0795386978252,0.0,0.0,False,4,0,0.0,0.0,0.7796167247386759,0.9756097560975611,2559.0795386978252,432.0,720.0,480.0,400.0,39.0
C04,大规模紧工期资源竞争,scenario,,U5,精密设备故障,VF,7b8c66ef0fa864bd,3752.0795386978252,3752.0795386978252,0.0,0.0,False,2,0,0.0,0.0,0.8028455284552846,0.9756097560975611,2559.0795386978252,432.0,720.0,480.0,400.0,39.0
C04,大规模紧工期资源竞争,scenario,,U6,隐藏裂纹出现,VF,7b8c66ef0fa864bd,3711.4270282930065,3752.0795386978252,-40.65251040481871,0.010834661148715237,True,0,0,0.0,0.0,0.9432824872374325,0.9819945749925384,2524.427028293007,432.0,720.0,480.0,400.0,45.0
C04,大规模紧工期资源竞争,scenario,,U7,复合压力情景,VF,7b8c66ef0fa864bd,3667.9377777559266,3752.0795386978252,-84.14176094189861,0.022425367072868706,False,4,2,3.533333333333335,2.3000000000000007,0.9313782423538522,1.5609756097560978,2483.9377777559266,432.0,720.0,480.0,400.0,48.0
C04,大规模紧工期资源竞争,scenario,,U0,基准情景,VDF,497b9f0075f3abeb,3432.0795386978252,3432.0795386978252,0.0,0.0,True,0,0,0.0,0.0,0.9422183507549362,0.9756097560975611,2559.0795386978252,432.0,720.0,360.0,600.0,39.0
C04,大规模紧工期资源竞争,scenario,,U1,普通设备降速,VDF,497b9f0075f3abeb,3432.0795386978252,3432.0795386978252,0.0,0.0,False,0,2,0.68888888888889,0.344444444444445,0.9614143760485225,1.0840108401084012,2559.0795386978252,432.0,720.0,360.0,600.0,39.0
C04,大规模紧工期资源竞争,scenario,,U2,精密设备降速,VDF,497b9f0075f3abeb,3432.0795386978252,3432.0795386978252,0.0,0.0,False,0,2,3.555102040816326,2.757142857142857,1.1180935788949726,1.6724738675958188,2559.0795386978252,432.0,720.0,360.0,600.0,39.0
C04,大规模紧工期资源竞争,scenario,,U3,全设备效率下降,VDF,497b9f0075f3abeb,3432.0795386978252,3432.0795386978252,0.0,0.0,False,0,4,5.5444444444444425,2.5666666666666664,1.19402503548845,1.6260162601626016,2559.0795386978252,432.0,720.0,360.0,600.0,39.0
C04,大规模紧工期资源竞争,scenario,,U4,普通设备故障,VDF,497b9f0075f3abeb,3432.0795386978252,3432.0795386978252,0.0,0.0,False,4,0,0.0,0.0,0.7796167247386759,0.9756097560975611,2559.0795386978252,432.0,720.0,360.0,600.0,39.0
C04,大规模紧工期资源竞争,scenario,,U5,精密设备故障,VDF,497b9f0075f3abeb,3432.0795386978252,3432.0795386978252,0.0,0.0,False,2,0,0.0,0.0,0.8028455284552846,0.9756097560975611,2559.0795386978252,432.0,720.0,360.0,600.0,39.0
C04,大规模紧工期资源竞争,scenario,,U6,隐藏裂纹出现,VDF,497b9f0075f3abeb,3391.427028293007,3432.0795386978252,-40.65251040481826,0.011844862552411108,True,0,0,0.0,0.0,0.9432824872374325,0.9819945749925384,2524.427028293007,432.0,720.0,360.0,600.0,45.0
C04,大规模紧工期资源竞争,scenario,,U7,复合压力情景,VDF,497b9f0075f3abeb,3347.9377777559266,3432.0795386978252,-84.14176094189861,0.024516261931919872,False,4,2,3.533333333333335,2.3000000000000007,0.9313782423538522,1.5609756097560978,2483.9377777559266,432.0,720.0,360.0,600.0,48.0
C04,大规模紧工期资源竞争,scenario,,U0,基准情景,MG,80cdf122dbe5ae26,4092.0795386978252,4092.0795386978252,0.0,0.0,True,0,0,0.0,0.0,0.9422183507549362,0.9756097560975611,2559.0795386978252,432.0,720.0,720.0,300.0,39.0
C04,大规模紧工期资源竞争,scenario,,U1,普通设备降速,MG,80cdf122dbe5ae26,4092.0795386978252,4092.0795386978252,0.0,0.0,False,0,2,0.68888888888889,0.344444444444445,0.9614143760485225,1.0840108401084012,2559.0795386978252,432.0,720.0,720.0,300.0,39.0
C04,大规模紧工期资源竞争,scenario,,U2,精密设备降速,MG,80cdf122dbe5ae26,4092.0795386978252,4092.0795386978252,0.0,0.0,False,0,2,3.555102040816326,2.757142857142857,1.1180935788949726,1.6724738675958188,2559.0795386978252,432.0,720.0,720.0,300.0,39.0
C04,大规模紧工期资源竞争,scenario,,U3,全设备效率下降,MG,80cdf122dbe5ae26,4092.0795386978252,4092.0795386978252,0.0,0.0,False,0,4,5.5444444444444425,2.5666666666666664,1.19402503548845,1.6260162601626016,2559.0795386978252,432.0,720.0,720.0,300.0,39.0
C04,大规模紧工期资源竞争,scenario,,U4,普通设备故障,MG,80cdf122dbe5ae26,4092.0795386978252,4092.0795386978252,0.0,0.0,False,4,0,0.0,0.0,0.7796167247386759,0.9756097560975611,2559.0795386978252,432.0,720.0,720.0,300.0,39.0
C04,大规模紧工期资源竞争,scenario,,U5,精密设备故障,MG,80cdf122dbe5ae26,4092.0795386978252,4092.0795386978252,0.0,0.0,False,2,0,0.0,0.0,0.8028455284552846,0.9756097560975611,2559.0795386978252,432.0,720.0,720.0,300.0,39.0
C04,大规模紧工期资源竞争,scenario,,U6,隐藏裂纹出现,MG,80cdf122dbe5ae26,4051.4270282930065,4092.0795386978252,-40.65251040481871,0.009934437984496041,True,0,0,0.0,0.0,0.9435485213580564,0.9756097560975611,2524.427028293007,432.0,720.0,720.0,300.0,45.0
C04,大规模紧工期资源竞争,scenario,,U7,复合压力情景,MG,80cdf122dbe5ae26,4007.9377777559266,4092.0795386978252,-84.14176094189861,0.020562102995845984,False,4,2,3.533333333333335,2.3000000000000007,0.9327774466031423,1.5609756097560978,2483.9377777559266,432.0,720.0,720.0,300.0,48.0
C04,大规模紧工期资源竞争,scenario,,U0,基准情景,MG-LS,46b83eec5a8e8e14,4262.079538697825,4262.079538697825,0.0,0.0,True,0,0,0.0,0.0,0.9422183507549362,0.9756097560975611,2559.0795386978252,432.0,720.0,840.0,250.0,39.0
C04,大规模紧工期资源竞争,scenario,,U1,普通设备降速,MG-LS,46b83eec5a8e8e14,4262.079538697825,4262.079538697825,0.0,0.0,False,0,2,0.68888888888889,0.344444444444445,0.9614143760485225,1.0840108401084012,2559.0795386978252,432.0,720.0,840.0,250.0,39.0
C04,大规模紧工期资源竞争,scenario,,U2,精密设备降速,MG-LS,46b83eec5a8e8e14,4262.079538697825,4262.079538697825,0.0,0.0,False,0,2,3.555102040816326,2.757142857142857,1.1180935788949726,1.6724738675958188,2559.0795386978252,432.0,720.0,840.0,250.0,39.0
C04,大规模紧工期资源竞争,scenario,,U3,全设备效率下降,MG-LS,46b83eec5a8e8e14,4262.079538697825,4262.079538697825,0.0,0.0,False,0,4,5.5444444444444425,2.5666666666666664,1.19402503548845,1.6260162601626016,2559.0795386978252,432.0,720.0,840.0,250.0,39.0
C04,大规模紧工期资源竞争,scenario,,U4,普通设备故障,MG-LS,46b83eec5a8e8e14,4262.079538697825,4262.079538697825,0.0,0.0,False,4,0,0.0,0.0,0.7796167247386759,0.9756097560975611,2559.0795386978252,432.0,720.0,840.0,250.0,39.0
C04,大规模紧工期资源竞争,scenario,,U5,精密设备故障,MG-LS,46b83eec5a8e8e14,4262.079538697825,4262.079538697825,0.0,0.0,False,2,0,0.0,0.0,0.8028455284552846,0.9756097560975611,2559.0795386978252,432.0,720.0,840.0,250.0,39.0
C04,大规模紧工期资源竞争,scenario,,U6,隐藏裂纹出现,MG-LS,46b83eec5a8e8e14,4221.4270282930065,4262.079538697825,-40.65251040481871,0.009538186708087362,True,0,0,0.0,0.0,0.9432824872374325,0.9819945749925384,2524.427028293007,432.0,720.0,840.0,250.0,45.0
C04,大规模紧工期资源竞争,scenario,,U7,复合压力情景,MG-LS,46b83eec5a8e8e14,4177.937777755927,4262.079538697825,-84.14176094189861,0.019741949951409418,False,4,2,3.577391476734981,2.3440581434016465,0.9331692237929435,1.5717214983906456,2483.9377777559266,432.0,720.0,840.0,250.0,48.0
C05,裂纹耗时差异明显,scenario,,U0,基准情景,VF,5273deb545987226,2363.917670897582,2363.917670897582,0.0,0.0,True,0,0,0.0,0.0,0.85424863202641,0.9768009768009769,1302.917670897582,1080.0,192.0,0.0,175.0,36.0
C05,裂纹耗时差异明显,scenario,,U1,普通设备降速,VF,5273deb545987226,2363.917670897582,2363.917670897582,0.0,0.0,False,0,3,4.882222222222222,1.7755555555555547,1.1522633744855966,1.469723691945914,1302.917670897582,1080.0,192.0,0.0,175.0,36.0
C05,裂纹耗时差异明显,scenario,,U2,精密设备降速,VF,5273deb545987226,2363.917670897582,2363.917670897582,0.0,0.0,True,0,0,0.0,0.0,0.8248541581874915,0.9768009768009769,1302.917670897582,1080.0,192.0,0.0,175.0,36.0
C05,裂纹耗时差异明显,scenario,,U3,全设备效率下降,VF,5273deb545987226,2363.917670897582,2363.917670897582,0.0,0.0,False,0,3,8.937777777777777,3.164444444444445,1.3668430335097,1.837154614932393,1302.917670897582,1080.0,192.0,0.0,175.0,36.0
C05,裂纹耗时差异明显,scenario,,U4,普通设备故障,VF,5273deb545987226,2363.917670897582,2363.917670897582,0.0,0.0,False,4,0,0.0,0.0,0.6588884366662145,0.9768009768009769,1302.917670897582,1080.0,192.0,0.0,175.0,36.0
C05,裂纹耗时差异明显,scenario,,U5,精密设备故障,VF,5273deb545987226,2363.917670897582,2363.917670897582,0.0,0.0,False,1,0,0.0,0.0,0.6862802100897339,0.9768009768009769,1302.917670897582,1080.0,192.0,0.0,175.0,36.0
C05,裂纹耗时差异明显,scenario,,U6,隐藏裂纹出现,VF,5273deb545987226,2345.2103037528464,2363.917670897582,-18.7073671447356,0.007913713482937158,True,0,0,0.0,0.0,0.85424863202641,0.9768009768009769,1287.2103037528464,1080.0,192.0,0.0,175.0,39.0
C05,裂纹耗时差异明显,scenario,,U7,复合压力情景,VF,5273deb545987226,2319.2742757805718,2363.917670897582,-44.643395117010186,0.018885342610116807,False,4,1,2.6199999999999997,2.6199999999999997,0.7819963692979567,1.693121693121693,1267.274275780572,1080.0,192.0,0.0,175.0,45.0
C05,裂纹耗时差异明显,scenario,,U0,基准情景,VDF,5d123ac7c82dd772,2403.917670897582,2403.917670897582,0.0,0.0,True,0,0,0.0,0.0,0.85424863202641,0.9768009768009769,1302.917670897582,1080.0,192.0,5.0,140.0,36.0
C05,裂纹耗时差异明显,scenario,,U1,普通设备降速,VDF,5d123ac7c82dd772,2403.917670897582,2403.917670897582,0.0,0.0,False,0,3,4.882222222222222,1.7755555555555547,1.1522633744855966,1.469723691945914,1302.917670897582,1080.0,192.0,5.0,140.0,36.0
C05,裂纹耗时差异明显,scenario,,U2,精密设备降速,VDF,5d123ac7c82dd772,2403.917670897582,2403.917670897582,0.0,0.0,True,0,0,0.0,0.0,0.8248541581874915,0.9768009768009769,1302.917670897582,1080.0,192.0,5.0,140.0,36.0
C05,裂纹耗时差异明显,scenario,,U3,全设备效率下降,VDF,5d123ac7c82dd772,2403.917670897582,2403.917670897582,0.0,0.0,False,0,3,8.937777777777777,3.164444444444445,1.3668430335097,1.837154614932393,1302.917670897582,1080.0,192.0,5.0,140.0,36.0
C05,裂纹耗时差异明显,scenario,,U4,普通设备故障,VDF,5d123ac7c82dd772,2403.917670897582,2403.917670897582,0.0,0.0,False,4,0,0.0,0.0,0.6588884366662145,0.9768009768009769,1302.917670897582,1080.0,192.0,5.0,140.0,36.0
C05,裂纹耗时差异明显,scenario,,U5,精密设备故障,VDF,5d123ac7c82dd772,2403.917670897582,2403.917670897582,0.0,0.0,False,1,0,0.0,0.0,0.6862802100897339,0.9768009768009769,1302.917670897582,1080.0,192.0,5.0,140.0,36.0
C05,裂纹耗时差异明显,scenario,,U6,隐藏裂纹出现,VDF,5d123ac7c82dd772,2385.2103037528464,2403.917670897582,-18.7073671447356,0.0077820332082132355,True,0,0,0.0,0.0,0.85424863202641,0.9768009768009769,1287.2103037528464,1080.0,192.0,5.0,140.0,39.0
C05,裂纹耗时差异明显,scenario,,U7,复合压力情景,VDF,5d123ac7c82dd772,2359.2742757805718,2403.917670897582,-44.643395117010186,0.018571099858149927,False,4,1,2.6199999999999997,2.6199999999999997,0.8001420438990436,1.693121693121693,1267.274275780572,1080.0,192.0,5.0,140.0,45.0
C05,裂纹耗时差异明显,scenario,,U0,基准情景,MG,2bffc8747d1ed2fa,2438.917670897582,2438.917670897582,0.0,0.0,True,0,0,0.0,0.0,0.85424863202641,0.9768009768009769,1302.917670897582,1080.0,192.0,5.0,105.0,36.0
C05,裂纹耗时差异明显,scenario,,U1,普通设备降速,MG,2bffc8747d1ed2fa,2438.917670897582,2438.917670897582,0.0,0.0,False,0,3,4.882222222222222,1.7755555555555547,1.1522633744855966,1.469723691945914,1302.917670897582,1080.0,192.0,5.0,105.0,36.0
C05,裂纹耗时差异明显,scenario,,U2,精密设备降速,MG,2bffc8747d1ed2fa,2438.917670897582,2438.917670897582,0.0,0.0,True,0,0,0.0,0.0,0.8248541581874915,0.9768009768009769,1302.917670897582,1080.0,192.0,5.0,105.0,36.0
C05,裂纹耗时差异明显,scenario,,U3,全设备效率下降,MG,2bffc8747d1ed2fa,2438.917670897582,2438.917670897582,0.0,0.0,False,0,3,8.937777777777777,3.164444444444445,1.3668430335097,1.837154614932393,1302.917670897582,1080.0,192.0,5.0,105.0,36.0
C05,裂纹耗时差异明显,scenario,,U4,普通设备故障,MG,2bffc8747d1ed2fa,2438.917670897582,2438.917670897582,0.0,0.0,False,4,0,0.0,0.0,0.6588884366662145,0.9768009768009769,1302.917670897582,1080.0,192.0,5.0,105.0,36.0
C05,裂纹耗时差异明显,scenario,,U5,精密设备故障,MG,2bffc8747d1ed2fa,2438.917670897582,2438.917670897582,0.0,0.0,False,1,0,0.0,0.0,0.6862802100897339,0.9768009768009769,1302.917670897582,1080.0,192.0,5.0,105.0,36.0
C05,裂纹耗时差异明显,scenario,,U6,隐藏裂纹出现,MG,2bffc8747d1ed2fa,2420.2103037528464,2438.917670897582,-18.7073671447356,0.007670356145253081,True,0,0,0.0,0.0,0.85424863202641,0.9768009768009769,1287.2103037528464,1080.0,192.0,5.0,105.0,39.0
C05,裂纹耗时差异明显,scenario,,U7,复合压力情景,MG,2bffc8747d1ed2fa,2394.2742757805718,2438.917670897582,-44.643395117010186,0.01830459291419227,False,4,1,2.6199999999999997,2.6199999999999997,0.7819963692979567,1.693121693121693,1267.274275780572,1080.0,192.0,5.0,105.0,45.0
C05,裂纹耗时差异明显,scenario,,U0,基准情景,MG-LS,2bffc8747d1ed2fa,2438.917670897582,2438.917670897582,0.0,0.0,True,0,0,0.0,0.0,0.85424863202641,0.9768009768009769,1302.917670897582,1080.0,192.0,5.0,105.0,36.0
C05,裂纹耗时差异明显,scenario,,U1,普通设备降速,MG-LS,2bffc8747d1ed2fa,2438.917670897582,2438.917670897582,0.0,0.0,False,0,3,4.882222222222222,1.7755555555555547,1.1522633744855966,1.469723691945914,1302.917670897582,1080.0,192.0,5.0,105.0,36.0
C05,裂纹耗时差异明显,scenario,,U2,精密设备降速,MG-LS,2bffc8747d1ed2fa,2438.917670897582,2438.917670897582,0.0,0.0,True,0,0,0.0,0.0,0.8248541581874915,0.9768009768009769,1302.917670897582,1080.0,192.0,5.0,105.0,36.0
C05,裂纹耗时差异明显,scenario,,U3,全设备效率下降,MG-LS,2bffc8747d1ed2fa,2438.917670897582,2438.917670897582,0.0,0.0,False,0,3,8.937777777777777,3.164444444444445,1.3668430335097,1.837154614932393,1302.917670897582,1080.0,192.0,5.0,105.0,36.0
C05,裂纹耗时差异明显,scenario,,U4,普通设备故障,MG-LS,2bffc8747d1ed2fa,2438.917670897582,2438.917670897582,0.0,0.0,False,4,0,0.0,0.0,0.6588884366662145,0.9768009768009769,1302.917670897582,1080.0,192.0,5.0,105.0,36.0
C05,裂纹耗时差异明显,scenario,,U5,精密设备故障,MG-LS,2bffc8747d1ed2fa,2438.917670897582,2438.917670897582,0.0,0.0,False,1,0,0.0,0.0,0.6862802100897339,0.9768009768009769,1302.917670897582,1080.0,192.0,5.0,105.0,36.0
C05,裂纹耗时差异明显,scenario,,U6,隐藏裂纹出现,MG-LS,2bffc8747d1ed2fa,2420.2103037528464,2438.917670897582,-18.7073671447356,0.007670356145253081,True,0,0,0.0,0.0,0.85424863202641,0.9768009768009769,1287.2103037528464,1080.0,192.0,5.0,105.0,39.0
C05,裂纹耗时差异明显,scenario,,U7,复合压力情景,MG-LS,2bffc8747d1ed2fa,2394.2742757805718,2438.917670897582,-44.643395117010186,0.01830459291419227,False,4,1,2.6199999999999997,2.6199999999999997,0.7819963692979567,1.693121693121693,1267.274275780572,1080.0,192.0,5.0,105.0,45.0
C06,严重裂纹与相邻损失,scenario,,U0,基准情景,VF,180b96680bc5e8fb,2500.515352584957,2500.515352584957,0.0,0.0,True,0,0,0.0,0.0,0.9160382101558572,0.9803921568627452,1104.5153525849569,384.0,720.0,600.0,300.0,8.0
C06,严重裂纹与相邻损失,scenario,,U1,普通设备降速,VF,180b96680bc5e8fb,2500.515352584957,2500.515352584957,0.0,0.0,False,0,2,2.688888888888889,1.5666666666666655,1.0206133735545502,1.30718954248366,1104.5153525849569,384.0,720.0,600.0,300.0,8.0
C06,严重裂纹与相邻损失,scenario,,U2,精密设备降速,VF,180b96680bc5e8fb,2500.515352584957,2500.515352584957,0.0,0.0,False,0,2,3.6461538461538465,3.4714285714285715,1.118149824032177,1.680672268907563,1104.5153525849569,384.0,720.0,600.0,300.0,8.0
C06,严重裂纹与相邻损失,scenario,,U3,全设备效率下降,VF,180b96680bc5e8fb,2500.515352584957,2500.515352584957,0.0,0.0,False,0,3,6.366666666666666,3.2333333333333343,1.1905480140774258,1.6339869281045754,1104.5153525849569,384.0,720.0,600.0,300.0,8.0
C06,严重裂纹与相邻损失,scenario,,U4,普通设备故障,VF,180b96680bc5e8fb,2500.515352584957,2500.515352584957,0.0,0.0,False,3,0,0.0,0.0,0.7199597787833082,0.9803921568627452,1104.5153525849569,384.0,720.0,600.0,300.0,8.0
C06,严重裂纹与相邻损失,scenario,,U5,精密设备故障,VF,180b96680bc5e8fb,2500.515352584957,2500.515352584957,0.0,0.0,False,2,0,0.0,0.0,0.7712418300653595,0.9803921568627452,1104.5153525849569,384.0,720.0,600.0,300.0,8.0
C06,严重裂纹与相邻损失,scenario,,U6,隐藏裂纹出现,VF,180b96680bc5e8fb,2480.8445645471293,2500.515352584957,-19.670788037827606,0.00786669356678516,False,0,1,0.061165518760360804,0.061165518760360804,0.9223584265778321,1.0119932389726198,1086.8445645471293,384.0,720.0,600.0,300.0,10.0
C06,严重裂纹与相邻损失,scenario,,U7,复合压力情景,VF,180b96680bc5e8fb,2454.4165330783208,2500.515352584957,-46.09881950663612,0.018435727442737176,False,3,3,5.7465369434561575,2.9000000000000004,0.970150770029955,1.5686274509803924,1064.4165330783205,384.0,720.0,600.0,300.0,14.0
C06,严重裂纹与相邻损失,scenario,,U0,基准情景,VDF,f419016b8a68c40a,2180.515352584957,2180.515352584957,0.0,0.0,True,0,0,0.0,0.0,0.9160382101558572,0.9803921568627452,1104.5153525849569,384.0,720.0,480.0,500.0,8.0
C06,严重裂纹与相邻损失,scenario,,U1,普通设备降速,VDF,f419016b8a68c40a,2180.515352584957,2180.515352584957,0.0,0.0,False,0,2,2.688888888888889,1.5666666666666655,1.0206133735545502,1.30718954248366,1104.5153525849569,384.0,720.0,480.0,500.0,8.0
C06,严重裂纹与相邻损失,scenario,,U2,精密设备降速,VDF,f419016b8a68c40a,2180.515352584957,2180.515352584957,0.0,0.0,False,0,2,3.6461538461538465,3.4714285714285715,1.118149824032177,1.680672268907563,1104.5153525849569,384.0,720.0,480.0,500.0,8.0
C06,严重裂纹与相邻损失,scenario,,U3,全设备效率下降,VDF,f419016b8a68c40a,2180.515352584957,2180.515352584957,0.0,0.0,False,0,3,6.366666666666666,3.2333333333333343,1.1905480140774258,1.6339869281045754,1104.5153525849569,384.0,720.0,480.0,500.0,8.0
C06,严重裂纹与相邻损失,scenario,,U4,普通设备故障,VDF,f419016b8a68c40a,2180.515352584957,2180.515352584957,0.0,0.0,False,3,0,0.0,0.0,0.7199597787833082,0.9803921568627452,1104.5153525849569,384.0,720.0,480.0,500.0,8.0
C06,严重裂纹与相邻损失,scenario,,U5,精密设备故障,VDF,f419016b8a68c40a,2180.515352584957,2180.515352584957,0.0,0.0,False,2,0,0.0,0.0,0.7712418300653595,0.9803921568627452,1104.5153525849569,384.0,720.0,480.0,500.0,8.0
C06,严重裂纹与相邻损失,scenario,,U6,隐藏裂纹出现,VDF,f419016b8a68c40a,2160.8445645471293,2180.515352584957,-19.670788037827606,0.009021164659312434,False,0,1,0.061165518760360804,0.061165518760360804,0.9223584265778321,1.0119932389726198,1086.8445645471293,384.0,720.0,480.0,500.0,10.0
C06,严重裂纹与相邻损失,scenario,,U7,复合压力情景,VDF,f419016b8a68c40a,2134.4165330783208,2180.515352584957,-46.09881950663612,0.02114124968301044,False,3,3,5.7465369434561575,2.9000000000000004,0.970150770029955,1.5686274509803924,1064.4165330783205,384.0,720.0,480.0,500.0,14.0
C06,严重裂纹与相邻损失,scenario,,U0,基准情景,MG,10c0b0f5917dca58,2790.515352584957,2790.515352584957,0.0,0.0,True,0,0,0.0,0.0,0.9616839248582568,0.9803921568627452,1104.5153525849569,384.0,720.0,840.0,250.0,8.0
C06,严重裂纹与相邻损失,scenario,,U1,普通设备降速,MG,10c0b0f5917dca58,2790.515352584957,2790.515352584957,0.0,0.0,False,0,2,2.688888888888889,1.5666666666666655,1.0662590882569496,1.30718954248366,1104.5153525849569,384.0,720.0,840.0,250.0,8.0
C06,严重裂纹与相邻损失,scenario,,U2,精密设备降速,MG,10c0b0f5917dca58,2790.515352584957,2790.515352584957,0.0,0.0,False,0,2,5.308962024598403,3.4714285714285715,1.1833579878927476,1.680672268907563,1104.5153525849569,384.0,720.0,840.0,250.0,8.0
C06,严重裂纹与相邻损失,scenario,,U3,全设备效率下降,MG,10c0b0f5917dca58,2790.515352584957,2790.515352584957,0.0,0.0,False,0,3,6.366666666666666,3.2333333333333343,1.2361937287798255,1.6339869281045754,1104.5153525849569,384.0,720.0,840.0,250.0,8.0
C06,严重裂纹与相邻损失,scenario,,U4,普通设备故障,MG,10c0b0f5917dca58,2790.515352584957,2790.515352584957,0.0,0.0,False,3,0,0.0,0.0,0.7656054934857078,0.9803921568627452,1104.5153525849569,384.0,720.0,840.0,250.0,8.0
C06,严重裂纹与相邻损失,scenario,,U5,精密设备故障,MG,10c0b0f5917dca58,2790.515352584957,2790.515352584957,0.0,0.0,False,2,0,0.0,0.0,0.7712418300653595,0.9803921568627452,1104.5153525849569,384.0,720.0,840.0,250.0,8.0
C06,严重裂纹与相邻损失,scenario,,U6,隐藏裂纹出现,MG,10c0b0f5917dca58,2770.8445645471293,2790.515352584957,-19.670788037827606,0.007049159582514331,False,0,1,0.5718482497339998,0.5718482497339998,0.9936672516235555,1.1121271077909805,1086.8445645471293,384.0,720.0,840.0,250.0,10.0
C06,严重裂纹与相邻损失,scenario,,U7,复合压力情景,MG,10c0b0f5917dca58,2744.4165330783208,2790.515352584957,-46.09881950663612,0.01651982292945749,False,3,3,6.299506552247046,2.9000000000000004,1.043117904009688,1.5686274509803924,1064.4165330783205,384.0,720.0,840.0,250.0,14.0
C06,严重裂纹与相邻损失,scenario,,U0,基准情景,MG-LS,10c0b0f5917dca58,2790.515352584957,2790.515352584957,0.0,0.0,True,0,0,0.0,0.0,0.9616839248582568,0.9803921568627452,1104.5153525849569,384.0,720.0,840.0,250.0,8.0
C06,严重裂纹与相邻损失,scenario,,U1,普通设备降速,MG-LS,10c0b0f5917dca58,2790.515352584957,2790.515352584957,0.0,0.0,False,0,2,2.688888888888889,1.5666666666666655,1.0662590882569496,1.30718954248366,1104.5153525849569,384.0,720.0,840.0,250.0,8.0
C06,严重裂纹与相邻损失,scenario,,U2,精密设备降速,MG-LS,10c0b0f5917dca58,2790.515352584957,2790.515352584957,0.0,0.0,False,0,2,5.308962024598403,3.4714285714285715,1.1833579878927476,1.680672268907563,1104.5153525849569,384.0,720.0,840.0,250.0,8.0
C06,严重裂纹与相邻损失,scenario,,U3,全设备效率下降,MG-LS,10c0b0f5917dca58,2790.515352584957,2790.515352584957,0.0,0.0,False,0,3,6.366666666666666,3.2333333333333343,1.2361937287798255,1.6339869281045754,1104.5153525849569,384.0,720.0,840.0,250.0,8.0
C06,严重裂纹与相邻损失,scenario,,U4,普通设备故障,MG-LS,10c0b0f5917dca58,2790.515352584957,2790.515352584957,0.0,0.0,False,3,0,0.0,0.0,0.7656054934857078,0.9803921568627452,1104.5153525849569,384.0,720.0,840.0,250.0,8.0
C06,严重裂纹与相邻损失,scenario,,U5,精密设备故障,MG-LS,10c0b0f5917dca58,2790.515352584957,2790.515352584957,0.0,0.0,False,2,0,0.0,0.0,0.7712418300653595,0.9803921568627452,1104.5153525849569,384.0,720.0,840.0,250.0,8.0
C06,严重裂纹与相邻损失,scenario,,U6,隐藏裂纹出现,MG-LS,10c0b0f5917dca58,2770.8445645471293,2790.515352584957,-19.670788037827606,0.007049159582514331,False,0,1,0.5718482497339998,0.5718482497339998,0.9936672516235555,1.1121271077909805,1086.8445645471293,384.0,720.0,840.0,250.0,10.0
C06,严重裂纹与相邻损失,scenario,,U7,复合压力情景,MG-LS,10c0b0f5917dca58,2744.4165330783208,2790.515352584957,-46.09881950663612,0.01651982292945749,False,3,3,6.299506552247046,2.9000000000000004,1.043117904009688,1.5686274509803924,1064.4165330783205,384.0,720.0,840.0,250.0,14.0
C07,宽幅板局部搜索收益,scenario,,U0,基准情景,VF,7a0ba37827736ade,2535.542063978215,2535.542063978215,0.0,0.0,True,0,0,0.0,0.0,0.8120898042080574,0.9615384615384613,1530.542063978215,960.0,180.0,0.0,40.0,95.0
C07,宽幅板局部搜索收益,scenario,,U1,普通设备降速,VF,7a0ba37827736ade,2535.542063978215,2535.542063978215,0.0,0.0,False,0,2,1.6095238095238087,1.399999999999999,0.9434399355581888,1.3888888888888886,1530.542063978215,960.0,180.0,0.0,40.0,95.0
C07,宽幅板局部搜索收益,scenario,,U2,精密设备降速,VF,7a0ba37827736ade,2535.542063978215,2535.542063978215,0.0,0.0,False,0,1,0.4649573949616044,0.4649573949616044,0.8858805122035286,1.129154831933779,1530.542063978215,960.0,180.0,0.0,40.0,95.0
C07,宽幅板局部搜索收益,scenario,,U3,全设备效率下降,VF,7a0ba37827736ade,2535.542063978215,2535.542063978215,0.0,0.0,False,0,4,5.7785714285714285,2.650000000000001,1.1872586168768704,1.7361111111111114,1530.542063978215,960.0,180.0,0.0,40.0,95.0
C07,宽幅板局部搜索收益,scenario,,U4,普通设备故障,VF,7a0ba37827736ade,2535.542063978215,2535.542063978215,0.0,0.0,False,3,0,0.0,0.0,0.6838846760029295,0.9615384615384613,1530.542063978215,960.0,180.0,0.0,40.0,95.0
C07,宽幅板局部搜索收益,scenario,,U5,精密设备故障,VF,7a0ba37827736ade,2535.542063978215,2535.542063978215,0.0,0.0,False,1,0,0.0,0.0,0.6907590394165831,0.9615384615384613,1530.542063978215,960.0,180.0,0.0,40.0,95.0
C07,宽幅板局部搜索收益,scenario,,U6,隐藏裂纹出现,VF,7a0ba37827736ade,2502.748210064152,2535.542063978215,-32.79385391406322,0.012933665893363377,False,0,1,0.017971494192441373,0.017971494192441373,0.8401263359904462,1.0049920817201226,1502.748210064152,960.0,180.0,0.0,40.0,100.0
C07,宽幅板局部搜索收益,scenario,,U7,复合压力情景,VF,7a0ba37827736ade,2461.4852862765047,2535.542063978215,-74.05677770171042,0.02920747352363652,False,3,3,2.6643772102773267,2.4,0.8926839611694598,1.6666666666666665,1471.4852862765047,960.0,180.0,0.0,40.0,110.0
C07,宽幅板局部搜索收益,scenario,,U0,基准情景,VDF,7a0ba37827736ade,2535.542063978215,2535.542063978215,0.0,0.0,True,0,0,0.0,0.0,0.8120898042080574,0.9615384615384613,1530.542063978215,960.0,180.0,0.0,40.0,95.0
C07,宽幅板局部搜索收益,scenario,,U1,普通设备降速,VDF,7a0ba37827736ade,2535.542063978215,2535.542063978215,0.0,0.0,False,0,2,1.6095238095238087,1.399999999999999,0.9434399355581888,1.3888888888888886,1530.542063978215,960.0,180.0,0.0,40.0,95.0
C07,宽幅板局部搜索收益,scenario,,U2,精密设备降速,VDF,7a0ba37827736ade,2535.542063978215,2535.542063978215,0.0,0.0,False,0,1,0.4649573949616044,0.4649573949616044,0.8858805122035286,1.129154831933779,1530.542063978215,960.0,180.0,0.0,40.0,95.0
C07,宽幅板局部搜索收益,scenario,,U3,全设备效率下降,VDF,7a0ba37827736ade,2535.542063978215,2535.542063978215,0.0,0.0,False,0,4,5.7785714285714285,2.650000000000001,1.1872586168768704,1.7361111111111114,1530.542063978215,960.0,180.0,0.0,40.0,95.0
C07,宽幅板局部搜索收益,scenario,,U4,普通设备故障,VDF,7a0ba37827736ade,2535.542063978215,2535.542063978215,0.0,0.0,False,3,0,0.0,0.0,0.6838846760029295,0.9615384615384613,1530.542063978215,960.0,180.0,0.0,40.0,95.0
C07,宽幅板局部搜索收益,scenario,,U5,精密设备故障,VDF,7a0ba37827736ade,2535.542063978215,2535.542063978215,0.0,0.0,False,1,0,0.0,0.0,0.6907590394165831,0.9615384615384613,1530.542063978215,960.0,180.0,0.0,40.0,95.0
C07,宽幅板局部搜索收益,scenario,,U6,隐藏裂纹出现,VDF,7a0ba37827736ade,2502.748210064152,2535.542063978215,-32.79385391406322,0.012933665893363377,False,0,1,0.017971494192441373,0.017971494192441373,0.8401263359904462,1.0049920817201226,1502.748210064152,960.0,180.0,0.0,40.0,100.0
C07,宽幅板局部搜索收益,scenario,,U7,复合压力情景,VDF,7a0ba37827736ade,2461.4852862765047,2535.542063978215,-74.05677770171042,0.02920747352363652,False,3,3,2.6643772102773267,2.4,0.8926839611694598,1.6666666666666665,1471.4852862765047,960.0,180.0,0.0,40.0,110.0
C07,宽幅板局部搜索收益,scenario,,U0,基准情景,MG,4f6b31069ca8f02b,2915.542063978215,2915.542063978215,0.0,0.0,True,0,0,0.0,0.0,0.8148821896895672,0.9615384615384613,1530.542063978215,960.0,180.0,360.0,20.0,95.0
C07,宽幅板局部搜索收益,scenario,,U1,普通设备降速,MG,4f6b31069ca8f02b,2915.542063978215,2915.542063978215,0.0,0.0,False,0,2,1.6095238095238087,1.399999999999999,0.9462323210396986,1.3888888888888886,1530.542063978215,960.0,180.0,360.0,20.0,95.0
C07,宽幅板局部搜索收益,scenario,,U2,精密设备降速,MG,4f6b31069ca8f02b,2915.542063978215,2915.542063978215,0.0,0.0,False,0,1,0.9471045759066654,0.9471045759066654,0.8935361356461736,1.2630846044185182,1530.542063978215,960.0,180.0,360.0,20.0,95.0
C07,宽幅板局部搜索收益,scenario,,U3,全设备效率下降,MG,4f6b31069ca8f02b,2915.542063978215,2915.542063978215,0.0,0.0,False,0,4,5.7785714285714285,2.650000000000001,1.1900510023583801,1.7361111111111114,1530.542063978215,960.0,180.0,360.0,20.0,95.0
C07,宽幅板局部搜索收益,scenario,,U4,普通设备故障,MG,4f6b31069ca8f02b,2915.542063978215,2915.542063978215,0.0,0.0,False,3,0,0.0,0.0,0.686677061484439,0.9615384615384613,1530.542063978215,960.0,180.0,360.0,20.0,95.0
C07,宽幅板局部搜索收益,scenario,,U5,精密设备故障,MG,4f6b31069ca8f02b,2915.542063978215,2915.542063978215,0.0,0.0,False,1,0,0.0,0.0,0.7063841795398028,0.9615384615384613,1530.542063978215,960.0,180.0,360.0,20.0,95.0
C07,宽幅板局部搜索收益,scenario,,U6,隐藏裂纹出现,MG,4f6b31069ca8f02b,2882.748210064152,2915.542063978215,-32.79385391406322,0.011247944016735083,False,0,1,0.017971494192441373,0.017971494192441373,0.8429187214719559,1.0049920817201226,1502.748210064152,960.0,180.0,360.0,20.0,100.0
C07,宽幅板局部搜索收益,scenario,,U7,复合压力情景,MG,4f6b31069ca8f02b,2841.4852862765047,2915.542063978215,-74.05677770171042,0.025400689160581347,False,3,3,3.077135121003812,2.4,0.901074365195124,1.6666666666666665,1471.4852862765047,960.0,180.0,360.0,20.0,110.0
C07,宽幅板局部搜索收益,scenario,,U0,基准情景,MG-LS,4f6b31069ca8f02b,2915.542063978215,2915.542063978215,0.0,0.0,True,0,0,0.0,0.0,0.8148821896895672,0.9615384615384613,1530.542063978215,960.0,180.0,360.0,20.0,95.0
C07,宽幅板局部搜索收益,scenario,,U1,普通设备降速,MG-LS,4f6b31069ca8f02b,2915.542063978215,2915.542063978215,0.0,0.0,False,0,2,1.6095238095238087,1.399999999999999,0.9462323210396986,1.3888888888888886,1530.542063978215,960.0,180.0,360.0,20.0,95.0
C07,宽幅板局部搜索收益,scenario,,U2,精密设备降速,MG-LS,4f6b31069ca8f02b,2915.542063978215,2915.542063978215,0.0,0.0,False,0,1,0.9471045759066654,0.9471045759066654,0.8935361356461736,1.2630846044185182,1530.542063978215,960.0,180.0,360.0,20.0,95.0
C07,宽幅板局部搜索收益,scenario,,U3,全设备效率下降,MG-LS,4f6b31069ca8f02b,2915.542063978215,2915.542063978215,0.0,0.0,False,0,4,5.7785714285714285,2.650000000000001,1.1900510023583801,1.7361111111111114,1530.542063978215,960.0,180.0,360.0,20.0,95.0
C07,宽幅板局部搜索收益,scenario,,U4,普通设备故障,MG-LS,4f6b31069ca8f02b,2915.542063978215,2915.542063978215,0.0,0.0,False,3,0,0.0,0.0,0.686677061484439,0.9615384615384613,1530.542063978215,960.0,180.0,360.0,20.0,95.0
C07,宽幅板局部搜索收益,scenario,,U5,精密设备故障,MG-LS,4f6b31069ca8f02b,2915.542063978215,2915.542063978215,0.0,0.0,False,1,0,0.0,0.0,0.7063841795398028,0.9615384615384613,1530.542063978215,960.0,180.0,360.0,20.0,95.0
C07,宽幅板局部搜索收益,scenario,,U6,隐藏裂纹出现,MG-LS,4f6b31069ca8f02b,2882.748210064152,2915.542063978215,-32.79385391406322,0.011247944016735083,False,0,1,0.017971494192441373,0.017971494192441373,0.8429187214719559,1.0049920817201226,1502.748210064152,960.0,180.0,360.0,20.0,100.0
C07,宽幅板局部搜索收益,scenario,,U7,复合压力情景,MG-LS,4f6b31069ca8f02b,2841.4852862765047,2915.542063978215,-74.05677770171042,0.025400689160581347,False,3,3,3.077135121003812,2.4,0.901074365195124,1.6666666666666665,1471.4852862765047,960.0,180.0,360.0,20.0,110.0
C08,精密设备瓶颈与普通产能,scenario,,U0,基准情景,VF,c3595626ccf818fc,3369.9276837800717,3369.9276837800717,0.0,0.0,True,0,0,0.0,0.0,0.46807980782455266,0.9696969696969697,1352.927683780072,2016.0,192.0,0.0,175.0,16.0
C08,精密设备瓶颈与普通产能,scenario,,U1,普通设备降速,VF,c3595626ccf818fc,3369.9276837800717,3369.9276837800717,0.0,0.0,False,0,2,16.392128445249995,12.609481280042388,1.041353776457828,3.5218962560084774,1352.927683780072,2016.0,192.0,0.0,175.0,16.0
C08,精密设备瓶颈与普通产能,scenario,,U2,精密设备降速,VF,c3595626ccf818fc,3369.9276837800717,3369.9276837800717,0.0,0.0,False,0,1,1.233766233766234,1.233766233766234,0.5142558540005987,1.2467532467532467,1352.927683780072,2016.0,192.0,0.0,175.0,16.0
C08,精密设备瓶颈与普通产能,scenario,,U3,全设备效率下降,VF,c3595626ccf818fc,3369.9276837800717,3369.9276837800717,0.0,0.0,False,0,2,22.990160556562493,17.01185160005299,1.2612881801682447,4.402370320010598,1352.927683780072,2016.0,192.0,0.0,175.0,16.0
C08,精密设备瓶颈与普通产能,scenario,,U4,普通设备故障,VF,c3595626ccf818fc,3369.9276837800717,3369.9276837800717,0.0,0.0,True,0,0,0.0,0.0,0.46807980782455266,0.9696969696969697,1352.927683780072,2016.0,192.0,0.0,175.0,16.0
C08,精密设备瓶颈与普通产能,scenario,,U5,精密设备故障,VF,c3595626ccf818fc,3369.9276837800717,3369.9276837800717,0.0,0.0,False,2,0,0.0,0.0,0.306463646208391,0.9605171607295853,1352.927683780072,2016.0,192.0,0.0,175.0,16.0
C08,精密设备瓶颈与普通产能,scenario,,U6,隐藏裂纹出现,VF,c3595626ccf818fc,3345.8391987327877,3369.9276837800717,-24.08848504728394,0.007148071800835713,True,0,0,0.0,0.0,0.47240583914455964,0.9696969696969697,1330.8391987327875,2016.0,192.0,0.0,175.0,18.0
C08,精密设备瓶颈与普通产能,scenario,,U7,复合压力情景,VF,c3595626ccf818fc,3313.8041593967764,3369.9276837800717,-56.12352438329526,0.016654222182103655,False,0,2,17.431057315567045,16.612875497385225,1.0658329891263039,4.322575099477045,1302.8041593967766,2016.0,192.0,0.0,175.0,22.0
C08,精密设备瓶颈与普通产能,scenario,,U0,基准情景,VDF,ee7337ff0239a697,3496.9276837800717,3496.9276837800717,0.0,0.0,True,0,0,0.0,0.0,0.3423888049732247,0.9550812396009409,1352.927683780072,2160.0,0.0,0.0,0.0,16.0
C08,精密设备瓶颈与普通产能,scenario,,U1,普通设备降速,VDF,ee7337ff0239a697,3496.9276837800717,3496.9276837800717,0.0,0.0,False,0,2,16.996549309362965,12.50982272601724,0.9249814656294048,3.5019645452034482,1352.927683780072,2160.0,0.0,0.0,0.0,16.0
C08,精密设备瓶颈与普通产能,scenario,,U2,精密设备降速,VDF,ee7337ff0239a697,3496.9276837800717,3496.9276837800717,0.0,0.0,True,0,0,0.0,0.0,0.3423888049732247,0.9550812396009409,1352.927683780072,2160.0,0.0,0.0,0.0,16.0
C08,精密设备瓶颈与普通产能,scenario,,U3,全设备效率下降,VDF,ee7337ff0239a697,3496.9276837800717,3496.9276837800717,0.0,0.0,False,0,2,23.745686636703702,16.88727840752155,1.2015399365448542,4.37745568150431,1352.927683780072,2160.0,0.0,0.0,0.0,16.0
C08,精密设备瓶颈与普通产能,scenario,,U4,普通设备故障,VDF,ee7337ff0239a697,3496.9276837800717,3496.9276837800717,0.0,0.0,True,0,0,0.0,0.0,0.3423888049732247,0.9550812396009409,1352.927683780072,2160.0,0.0,0.0,0.0,16.0
C08,精密设备瓶颈与普通产能,scenario,,U5,精密设备故障,VDF,ee7337ff0239a697,3496.9276837800717,3496.9276837800717,0.0,0.0,True,0,0,0.0,0.0,0.3423888049732247,0.9550812396009409,1352.927683780072,2160.0,0.0,0.0,0.0,16.0
C08,精密设备瓶颈与普通产能,scenario,,U6,隐藏裂纹出现,VDF,ee7337ff0239a697,3472.8391987327877,3496.9276837800717,-24.08848504728394,0.006888471031018012,True,0,0,0.0,0.0,0.34671483629323174,0.9675961690723444,1330.8391987327875,2160.0,0.0,0.0,0.0,18.0
C08,精密设备瓶颈与普通产能,scenario,,U7,复合压力情景,VDF,ee7337ff0239a697,3440.8041593967764,3496.9276837800717,-56.12352438329526,0.016049380901874258,False,0,1,16.493285232555046,16.493285232555046,0.9047383986455118,4.298657046511009,1302.8041593967766,2160.0,0.0,0.0,0.0,22.0
C08,精密设备瓶颈与普通产能,scenario,,U0,基准情景,MG,ee7337ff0239a697,3496.9276837800717,3496.9276837800717,0.0,0.0,True,0,0,0.0,0.0,0.3423888049732247,0.9550812396009409,1352.927683780072,2160.0,0.0,0.0,0.0,16.0
C08,精密设备瓶颈与普通产能,scenario,,U1,普通设备降速,MG,ee7337ff0239a697,3496.9276837800717,3496.9276837800717,0.0,0.0,False,0,2,16.996549309362965,12.50982272601724,0.9249814656294048,3.5019645452034482,1352.927683780072,2160.0,0.0,0.0,0.0,16.0
C08,精密设备瓶颈与普通产能,scenario,,U2,精密设备降速,MG,ee7337ff0239a697,3496.9276837800717,3496.9276837800717,0.0,0.0,True,0,0,0.0,0.0,0.3423888049732247,0.9550812396009409,1352.927683780072,2160.0,0.0,0.0,0.0,16.0
C08,精密设备瓶颈与普通产能,scenario,,U3,全设备效率下降,MG,ee7337ff0239a697,3496.9276837800717,3496.9276837800717,0.0,0.0,False,0,2,23.745686636703702,16.88727840752155,1.2015399365448542,4.37745568150431,1352.927683780072,2160.0,0.0,0.0,0.0,16.0
C08,精密设备瓶颈与普通产能,scenario,,U4,普通设备故障,MG,ee7337ff0239a697,3496.9276837800717,3496.9276837800717,0.0,0.0,True,0,0,0.0,0.0,0.3423888049732247,0.9550812396009409,1352.927683780072,2160.0,0.0,0.0,0.0,16.0
C08,精密设备瓶颈与普通产能,scenario,,U5,精密设备故障,MG,ee7337ff0239a697,3496.9276837800717,3496.9276837800717,0.0,0.0,True,0,0,0.0,0.0,0.3423888049732247,0.9550812396009409,1352.927683780072,2160.0,0.0,0.0,0.0,16.0
C08,精密设备瓶颈与普通产能,scenario,,U6,隐藏裂纹出现,MG,ee7337ff0239a697,3472.8391987327877,3496.9276837800717,-24.08848504728394,0.006888471031018012,True,0,0,0.0,0.0,0.34671483629323174,0.9675961690723444,1330.8391987327875,2160.0,0.0,0.0,0.0,18.0
C08,精密设备瓶颈与普通产能,scenario,,U7,复合压力情景,MG,ee7337ff0239a697,3440.8041593967764,3496.9276837800717,-56.12352438329526,0.016049380901874258,False,0,1,16.493285232555046,16.493285232555046,0.9047383986455118,4.298657046511009,1302.8041593967766,2160.0,0.0,0.0,0.0,22.0
C08,精密设备瓶颈与普通产能,scenario,,U0,基准情景,MG-LS,ee7337ff0239a697,3496.9276837800717,3496.9276837800717,0.0,0.0,True,0,0,0.0,0.0,0.3423888049732247,0.9550812396009409,1352.927683780072,2160.0,0.0,0.0,0.0,16.0
C08,精密设备瓶颈与普通产能,scenario,,U1,普通设备降速,MG-LS,ee7337ff0239a697,3496.9276837800717,3496.9276837800717,0.0,0.0,False,0,2,16.996549309362965,12.50982272601724,0.9249814656294048,3.5019645452034482,1352.927683780072,2160.0,0.0,0.0,0.0,16.0
C08,精密设备瓶颈与普通产能,scenario,,U2,精密设备降速,MG-LS,ee7337ff0239a697,3496.9276837800717,3496.9276837800717,0.0,0.0,True,0,0,0.0,0.0,0.3423888049732247,0.9550812396009409,1352.927683780072,2160.0,0.0,0.0,0.0,16.0
C08,精密设备瓶颈与普通产能,scenario,,U3,全设备效率下降,MG-LS,ee7337ff0239a697,3496.9276837800717,3496.9276837800717,0.0,0.0,False,0,2,23.745686636703702,16.88727840752155,1.2015399365448542,4.37745568150431,1352.927683780072,2160.0,0.0,0.0,0.0,16.0
C08,精密设备瓶颈与普通产能,scenario,,U4,普通设备故障,MG-LS,ee7337ff0239a697,3496.9276837800717,3496.9276837800717,0.0,0.0,True,0,0,0.0,0.0,0.3423888049732247,0.9550812396009409,1352.927683780072,2160.0,0.0,0.0,0.0,16.0
C08,精密设备瓶颈与普通产能,scenario,,U5,精密设备故障,MG-LS,ee7337ff0239a697,3496.9276837800717,3496.9276837800717,0.0,0.0,True,0,0,0.0,0.0,0.3423888049732247,0.9550812396009409,1352.927683780072,2160.0,0.0,0.0,0.0,16.0
C08,精密设备瓶颈与普通产能,scenario,,U6,隐藏裂纹出现,MG-LS,ee7337ff0239a697,3472.8391987327877,3496.9276837800717,-24.08848504728394,0.006888471031018012,True,0,0,0.0,0.0,0.34671483629323174,0.9675961690723444,1330.8391987327875,2160.0,0.0,0.0,0.0,18.0
C08,精密设备瓶颈与普通产能,scenario,,U7,复合压力情景,MG-LS,ee7337ff0239a697,3440.8041593967764,3496.9276837800717,-56.12352438329526,0.016049380901874258,False,0,1,16.493285232555046,16.493285232555046,0.9047383986455118,4.298657046511009,1302.8041593967766,2160.0,0.0,0.0,0.0,22.0
C09,设备速度非均衡,scenario,,U0,基准情景,VF,fd525bd5569c0aba,2235.6349154020645,2235.6349154020645,0.0,0.0,True,0,0,0.0,0.0,0.7728800478831815,0.9890109890109888,1217.6349154020647,684.0,540.0,160.0,350.0,16.0
C09,设备速度非均衡,scenario,,U1,普通设备降速,VF,fd525bd5569c0aba,2235.6349154020645,2235.6349154020645,0.0,0.0,False,0,2,1.314285714285714,0.7999999999999998,0.8410289403657556,1.1538461538461537,1217.6349154020647,684.0,540.0,160.0,350.0,16.0
C09,设备速度非均衡,scenario,,U2,精密设备降速,VF,fd525bd5569c0aba,2235.6349154020645,2235.6349154020645,0.0,0.0,False,0,1,1.6571428571428566,1.6571428571428566,0.875444150447284,1.3186813186813187,1217.6349154020647,684.0,540.0,160.0,350.0,16.0
C09,设备速度非均衡,scenario,,U3,全设备效率下降,VF,fd525bd5569c0aba,2235.6349154020645,2235.6349154020645,0.0,0.0,False,0,3,4.8417044318402205,2.299999999999998,1.0022302314012503,1.4423076923076918,1217.6349154020647,684.0,540.0,160.0,350.0,16.0
C09,设备速度非均衡,scenario,,U4,普通设备故障,VF,fd525bd5569c0aba,2235.6349154020645,2235.6349154020645,0.0,0.0,False,1,0,0.0,0.0,0.6953136143167479,0.9890109890109888,1217.6349154020647,684.0,540.0,160.0,350.0,16.0
C09,设备速度非均衡,scenario,,U5,精密设备故障,VF,fd525bd5569c0aba,2235.6349154020645,2235.6349154020645,0.0,0.0,False,1,0,0.0,0.0,0.687409962413096,0.9890109890109888,1217.6349154020647,684.0,540.0,160.0,350.0,16.0
C09,设备速度非均衡,scenario,,U6,隐藏裂纹出现,VF,fd525bd5569c0aba,2213.7552788595085,2235.6349154020645,-21.879636542556,0.009786766341775928,True,0,0,0.0,0.0,0.7755849237225162,0.9890109890109888,1197.7552788595087,684.0,540.0,160.0,350.0,18.0
C09,设备速度非均衡,scenario,,U7,复合压力情景,VF,fd525bd5569c0aba,2184.523743457099,2235.6349154020645,-51.11117194496546,0.02286203869551458,False,1,3,3.5330160857187023,2.3157503359504776,0.8325273333478586,1.4453366030673995,1172.523743457099,684.0,540.0,160.0,350.0,22.0
C09,设备速度非均衡,scenario,,U0,基准情景,VDF,a450f46e1f1e2aa6,2245.6349154020645,2245.6349154020645,0.0,0.0,True,0,0,0.0,0.0,0.7755550854533423,0.9890109890109888,1217.6349154020647,684.0,540.0,240.0,420.0,16.0
C09,设备速度非均衡,scenario,,U1,普通设备降速,VDF,a450f46e1f1e2aa6,2245.6349154020645,2245.6349154020645,0.0,0.0,False,0,2,1.314285714285714,0.7999999999999998,0.8434067515392317,1.1538461538461537,1217.6349154020647,684.0,540.0,240.0,420.0,16.0
C09,设备速度非均衡,scenario,,U2,精密设备降速,VDF,a450f46e1f1e2aa6,2245.6349154020645,2245.6349154020645,0.0,0.0,False,0,1,1.6571428571428566,1.6571428571428566,0.8804120773632969,1.3186813186813187,1217.6349154020647,684.0,540.0,240.0,420.0,16.0
C09,设备速度非均衡,scenario,,U3,全设备效率下降,VDF,a450f46e1f1e2aa6,2245.6349154020645,2245.6349154020645,0.0,0.0,False,0,3,4.725786137133254,2.299999999999998,1.0038649765830152,1.4423076923076918,1217.6349154020647,684.0,540.0,240.0,420.0,16.0
C09,设备速度非均衡,scenario,,U4,普通设备故障,VDF,a450f46e1f1e2aa6,2245.6349154020645,2245.6349154020645,0.0,0.0,False,1,0,0.0,0.0,0.6979886518869086,0.9890109890109888,1217.6349154020647,684.0,540.0,240.0,420.0,16.0
C09,设备速度非均衡,scenario,,U5,精密设备故障,VDF,a450f46e1f1e2aa6,2245.6349154020645,2245.6349154020645,0.0,0.0,False,1,0,0.0,0.0,0.6847349248429353,0.9890109890109888,1217.6349154020647,684.0,540.0,240.0,420.0,16.0
C09,设备速度非均衡,scenario,,U6,隐藏裂纹出现,VDF,a450f46e1f1e2aa6,2223.7552788595085,2245.6349154020645,-21.879636542556,0.009743185053140577,True,0,0,0.0,0.0,0.7815058122998786,0.9890109890109888,1197.7552788595087,684.0,540.0,240.0,420.0,18.0
C09,设备速度非均衡,scenario,,U7,复合压力情景,VDF,a450f46e1f1e2aa6,2194.523743457099,2245.6349154020645,-51.11117194496546,0.022760232126073077,False,1,3,3.848766421669181,1.9999999999999991,0.8453225739933551,1.3846153846153844,1172.523743457099,684.0,540.0,240.0,420.0,22.0
C09,设备速度非均衡,scenario,,U0,基准情景,MG,083ad9e94a26f044,2570.6349154020645,2570.6349154020645,0.0,0.0,True,0,0,0.0,0.0,0.7728800478831815,0.9890109890109888,1217.6349154020647,684.0,540.0,320.0,175.0,16.0
C09,设备速度非均衡,scenario,,U1,普通设备降速,MG,083ad9e94a26f044,2570.6349154020645,2570.6349154020645,0.0,0.0,False,0,2,1.314285714285714,0.7999999999999998,0.8410289403657556,1.1538461538461537,1217.6349154020647,684.0,540.0,320.0,175.0,16.0
C09,设备速度非均衡,scenario,,U2,精密设备降速,MG,083ad9e94a26f044,2570.6349154020645,2570.6349154020645,0.0,0.0,False,0,1,1.6571428571428566,1.6571428571428566,0.875444150447284,1.3186813186813187,1217.6349154020647,684.0,540.0,320.0,175.0,16.0
C09,设备速度非均衡,scenario,,U3,全设备效率下降,MG,083ad9e94a26f044,2570.6349154020645,2570.6349154020645,0.0,0.0,False,0,3,4.8417044318402205,2.299999999999998,1.0022302314012503,1.4423076923076918,1217.6349154020647,684.0,540.0,320.0,175.0,16.0
C09,设备速度非均衡,scenario,,U4,普通设备故障,MG,083ad9e94a26f044,2570.6349154020645,2570.6349154020645,0.0,0.0,False,1,0,0.0,0.0,0.6953136143167479,0.9890109890109888,1217.6349154020647,684.0,540.0,320.0,175.0,16.0
C09,设备速度非均衡,scenario,,U5,精密设备故障,MG,083ad9e94a26f044,2570.6349154020645,2570.6349154020645,0.0,0.0,False,1,0,0.0,0.0,0.687409962413096,0.9890109890109888,1217.6349154020647,684.0,540.0,320.0,175.0,16.0
C09,设备速度非均衡,scenario,,U6,隐藏裂纹出现,MG,083ad9e94a26f044,2548.7552788595085,2570.6349154020645,-21.879636542556,0.008511374529095228,False,0,1,0.07547334115138149,0.07547334115138149,0.7771305670592789,1.0145141040675734,1197.7552788595087,684.0,540.0,320.0,175.0,18.0
C09,设备速度非均衡,scenario,,U7,复合压力情景,MG,083ad9e94a26f044,2519.523743457099,2570.6349154020645,-51.11117194496546,0.01988270354484442,False,1,3,3.620057140466674,1.9999999999999991,0.8353171107436269,1.3846153846153844,1172.523743457099,684.0,540.0,320.0,175.0,22.0
C09,设备速度非均衡,scenario,,U0,基准情景,MG-LS,083ad9e94a26f044,2570.6349154020645,2570.6349154020645,0.0,0.0,True,0,0,0.0,0.0,0.7728800478831815,0.9890109890109888,1217.6349154020647,684.0,540.0,320.0,175.0,16.0
C09,设备速度非均衡,scenario,,U1,普通设备降速,MG-LS,083ad9e94a26f044,2570.6349154020645,2570.6349154020645,0.0,0.0,False,0,2,1.314285714285714,0.7999999999999998,0.8410289403657556,1.1538461538461537,1217.6349154020647,684.0,540.0,320.0,175.0,16.0
C09,设备速度非均衡,scenario,,U2,精密设备降速,MG-LS,083ad9e94a26f044,2570.6349154020645,2570.6349154020645,0.0,0.0,False,0,1,1.6571428571428566,1.6571428571428566,0.875444150447284,1.3186813186813187,1217.6349154020647,684.0,540.0,320.0,175.0,16.0
C09,设备速度非均衡,scenario,,U3,全设备效率下降,MG-LS,083ad9e94a26f044,2570.6349154020645,2570.6349154020645,0.0,0.0,False,0,3,4.8417044318402205,2.299999999999998,1.0022302314012503,1.4423076923076918,1217.6349154020647,684.0,540.0,320.0,175.0,16.0
C09,设备速度非均衡,scenario,,U4,普通设备故障,MG-LS,083ad9e94a26f044,2570.6349154020645,2570.6349154020645,0.0,0.0,False,1,0,0.0,0.0,0.6953136143167479,0.9890109890109888,1217.6349154020647,684.0,540.0,320.0,175.0,16.0
C09,设备速度非均衡,scenario,,U5,精密设备故障,MG-LS,083ad9e94a26f044,2570.6349154020645,2570.6349154020645,0.0,0.0,False,1,0,0.0,0.0,0.687409962413096,0.9890109890109888,1217.6349154020647,684.0,540.0,320.0,175.0,16.0
C09,设备速度非均衡,scenario,,U6,隐藏裂纹出现,MG-LS,083ad9e94a26f044,2548.7552788595085,2570.6349154020645,-21.879636542556,0.008511374529095228,False,0,1,0.07547334115138149,0.07547334115138149,0.7771305670592789,1.0145141040675734,1197.7552788595087,684.0,540.0,320.0,175.0,18.0
C09,设备速度非均衡,scenario,,U7,复合压力情景,MG-LS,083ad9e94a26f044,2519.523743457099,2570.6349154020645,-51.11117194496546,0.01988270354484442,False,1,3,3.620057140466674,1.9999999999999991,0.8353171107436269,1.3846153846153844,1172.523743457099,684.0,540.0,320.0,175.0,22.0
C10,小规模极紧资源,scenario,,U0,基准情景,VF,99dbdc3df4d03259,1036.1007464029112,1036.1007464029112,0.0,0.0,True,0,0,0.0,0.0,0.7787433155080214,0.9191176470588235,844.1007464029113,300.0,120.0,0.0,210.0,18.0
C10,小规模极紧资源,scenario,,U1,普通设备降速,VF,99dbdc3df4d03259,1036.1007464029112,1036.1007464029112,0.0,0.0,False,0,2,1.8933333333333326,1.2799999999999998,1.1957813428401662,1.4705882352941175,844.1007464029113,300.0,120.0,0.0,210.0,18.0
C10,小规模极紧资源,scenario,,U2,精密设备降速,VF,99dbdc3df4d03259,1036.1007464029112,1036.1007464029112,0.0,0.0,False,0,1,0.39688311688311684,0.39688311688311684,0.9824611662846957,1.1459129106187929,844.1007464029113,300.0,120.0,0.0,210.0,18.0
C10,小规模极紧资源,scenario,,U3,全设备效率下降,VF,99dbdc3df4d03259,1036.1007464029112,1036.1007464029112,0.0,0.0,False,0,2,3.7266666666666666,2.28,1.3016191325014854,1.838235294117647,844.1007464029113,300.0,120.0,0.0,210.0,18.0
C10,小规模极紧资源,scenario,,U4,普通设备故障,VF,99dbdc3df4d03259,1036.1007464029112,1036.1007464029112,0.0,0.0,False,2,0,0.0,0.0,0.4723707664884136,0.8823529411764707,844.1007464029113,300.0,120.0,0.0,210.0,18.0
C10,小规模极紧资源,scenario,,U5,精密设备故障,VF,99dbdc3df4d03259,1036.1007464029112,1036.1007464029112,0.0,0.0,False,1,0,0.0,0.0,0.6004901960784313,0.9191176470588235,844.1007464029113,300.0,120.0,0.0,210.0,18.0
C10,小规模极紧资源,scenario,,U6,隐藏裂纹出现,VF,99dbdc3df4d03259,1016.7548248557955,1036.1007464029112,-19.345921547115722,0.018671853692104785,True,0,0,0.0,0.0,0.7787433155080214,0.9191176470588235,826.7548248557956,300.0,120.0,0.0,210.0,20.0
C10,小规模极紧资源,scenario,,U7,复合压力情景,VF,99dbdc3df4d03259,996.596242633836,1036.1007464029112,-39.5045037690752,0.03812805261093112,False,2,2,2.2690909090909095,2.0800000000000005,0.9447415329768272,1.7647058823529413,808.5962426338361,300.0,120.0,0.0,210.0,22.0
C10,小规模极紧资源,scenario,,U0,基准情景,VDF,ef2655f3ee123214,1036.1007464029112,1036.1007464029112,0.0,0.0,True,0,0,0.0,0.0,0.7787433155080214,0.9191176470588235,844.1007464029113,300.0,120.0,0.0,210.0,18.0
C10,小规模极紧资源,scenario,,U1,普通设备降速,VDF,ef2655f3ee123214,1036.1007464029112,1036.1007464029112,0.0,0.0,False,0,2,1.8933333333333326,1.2799999999999998,1.1957813428401662,1.4705882352941175,844.1007464029113,300.0,120.0,0.0,210.0,18.0
C10,小规模极紧资源,scenario,,U2,精密设备降速,VDF,ef2655f3ee123214,1036.1007464029112,1036.1007464029112,0.0,0.0,False,0,1,0.39688311688311684,0.39688311688311684,0.9824611662846957,1.1459129106187929,844.1007464029113,300.0,120.0,0.0,210.0,18.0
C10,小规模极紧资源,scenario,,U3,全设备效率下降,VDF,ef2655f3ee123214,1036.1007464029112,1036.1007464029112,0.0,0.0,False,0,2,3.7266666666666666,2.28,1.3016191325014854,1.838235294117647,844.1007464029113,300.0,120.0,0.0,210.0,18.0
C10,小规模极紧资源,scenario,,U4,普通设备故障,VDF,ef2655f3ee123214,1036.1007464029112,1036.1007464029112,0.0,0.0,False,2,0,0.0,0.0,0.4723707664884136,0.8823529411764707,844.1007464029113,300.0,120.0,0.0,210.0,18.0
C10,小规模极紧资源,scenario,,U5,精密设备故障,VDF,ef2655f3ee123214,1036.1007464029112,1036.1007464029112,0.0,0.0,False,1,0,0.0,0.0,0.6004901960784313,0.9191176470588235,844.1007464029113,300.0,120.0,0.0,210.0,18.0
C10,小规模极紧资源,scenario,,U6,隐藏裂纹出现,VDF,ef2655f3ee123214,1016.7548248557955,1036.1007464029112,-19.345921547115722,0.018671853692104785,True,0,0,0.0,0.0,0.7787433155080214,0.9191176470588235,826.7548248557956,300.0,120.0,0.0,210.0,20.0
C10,小规模极紧资源,scenario,,U7,复合压力情景,VDF,ef2655f3ee123214,996.596242633836,1036.1007464029112,-39.5045037690752,0.03812805261093112,False,2,2,2.2690909090909095,2.0800000000000005,0.9447415329768272,1.7647058823529413,808.5962426338361,300.0,120.0,0.0,210.0,22.0
C10,小规模极紧资源,scenario,,U0,基准情景,MG,40d721d88647f32c,1126.1007464029112,1126.1007464029112,0.0,0.0,True,0,0,0.0,0.0,0.6004901960784313,0.9191176470588235,844.1007464029113,300.0,0.0,0.0,0.0,18.0
C10,小规模极紧资源,scenario,,U1,普通设备降速,MG,40d721d88647f32c,1126.1007464029112,1126.1007464029112,0.0,0.0,False,0,2,1.8933333333333326,1.2799999999999998,0.8986928104575163,1.4705882352941175,844.1007464029113,300.0,0.0,0.0,0.0,18.0
C10,小规模极紧资源,scenario,,U2,精密设备降速,MG,40d721d88647f32c,1126.1007464029112,1126.1007464029112,0.0,0.0,True,0,0,0.0,0.0,0.6004901960784313,0.9191176470588235,844.1007464029113,300.0,0.0,0.0,0.0,18.0
C10,小规模极紧资源,scenario,,U3,全设备效率下降,MG,40d721d88647f32c,1126.1007464029112,1126.1007464029112,0.0,0.0,False,0,2,3.7266666666666666,2.28,1.1233660130718954,1.838235294117647,844.1007464029113,300.0,0.0,0.0,0.0,18.0
C10,小规模极紧资源,scenario,,U4,普通设备故障,MG,40d721d88647f32c,1126.1007464029112,1126.1007464029112,0.0,0.0,False,2,0,0.0,0.0,0.29411764705882354,0.8823529411764707,844.1007464029113,300.0,0.0,0.0,0.0,18.0
C10,小规模极紧资源,scenario,,U5,精密设备故障,MG,40d721d88647f32c,1126.1007464029112,1126.1007464029112,0.0,0.0,True,0,0,0.0,0.0,0.6004901960784313,0.9191176470588235,844.1007464029113,300.0,0.0,0.0,0.0,18.0
C10,小规模极紧资源,scenario,,U6,隐藏裂纹出现,MG,40d721d88647f32c,1106.7548248557955,1126.1007464029112,-19.345921547115722,0.017179565513043255,True,0,0,0.0,0.0,0.6004901960784313,0.9191176470588235,826.7548248557956,300.0,0.0,0.0,0.0,20.0
C10,小规模极紧资源,scenario,,U7,复合压力情景,MG,40d721d88647f32c,1086.596242633836,1126.1007464029112,-39.5045037690752,0.03508078996951553,False,2,1,2.0800000000000005,2.0800000000000005,0.5882352941176471,1.7647058823529413,808.5962426338361,300.0,0.0,0.0,0.0,22.0
C10,小规模极紧资源,scenario,,U0,基准情景,MG-LS,40d721d88647f32c,1126.1007464029112,1126.1007464029112,0.0,0.0,True,0,0,0.0,0.0,0.6004901960784313,0.9191176470588235,844.1007464029113,300.0,0.0,0.0,0.0,18.0
C10,小规模极紧资源,scenario,,U1,普通设备降速,MG-LS,40d721d88647f32c,1126.1007464029112,1126.1007464029112,0.0,0.0,False,0,2,1.8933333333333326,1.2799999999999998,0.8986928104575163,1.4705882352941175,844.1007464029113,300.0,0.0,0.0,0.0,18.0
C10,小规模极紧资源,scenario,,U2,精密设备降速,MG-LS,40d721d88647f32c,1126.1007464029112,1126.1007464029112,0.0,0.0,True,0,0,0.0,0.0,0.6004901960784313,0.9191176470588235,844.1007464029113,300.0,0.0,0.0,0.0,18.0
C10,小规模极紧资源,scenario,,U3,全设备效率下降,MG-LS,40d721d88647f32c,1126.1007464029112,1126.1007464029112,0.0,0.0,False,0,2,3.7266666666666666,2.28,1.1233660130718954,1.838235294117647,844.1007464029113,300.0,0.0,0.0,0.0,18.0
C10,小规模极紧资源,scenario,,U4,普通设备故障,MG-LS,40d721d88647f32c,1126.1007464029112,1126.1007464029112,0.0,0.0,False,2,0,0.0,0.0,0.29411764705882354,0.8823529411764707,844.1007464029113,300.0,0.0,0.0,0.0,18.0
C10,小规模极紧资源,scenario,,U5,精密设备故障,MG-LS,40d721d88647f32c,1126.1007464029112,1126.1007464029112,0.0,0.0,True,0,0,0.0,0.0,0.6004901960784313,0.9191176470588235,844.1007464029113,300.0,0.0,0.0,0.0,18.0
C10,小规模极紧资源,scenario,,U6,隐藏裂纹出现,MG-LS,40d721d88647f32c,1106.7548248557955,1126.1007464029112,-19.345921547115722,0.017179565513043255,True,0,0,0.0,0.0,0.6004901960784313,0.9191176470588235,826.7548248557956,300.0,0.0,0.0,0.0,20.0
C10,小规模极紧资源,scenario,,U7,复合压力情景,MG-LS,40d721d88647f32c,1086.596242633836,1126.1007464029112,-39.5045037690752,0.03508078996951553,False,2,1,2.0800000000000005,2.0800000000000005,0.5882352941176471,1.7647058823529413,808.5962426338361,300.0,0.0,0.0,0.0,22.0
C11,精密设备增加与局部修正,scenario,,U0,基准情景,VF,363813246dbd6778,2528.1572062317705,2528.1572062317705,0.0,0.0,True,0,0,0.0,0.0,0.8472126224227065,0.9920634920634921,1404.1572062317705,720.0,360.0,140.0,90.0,6.0
C11,精密设备增加与局部修正,scenario,,U1,普通设备降速,VF,363813246dbd6778,2528.1572062317705,2528.1572062317705,0.0,0.0,False,0,2,0.48888888888888804,0.24444444444444446,0.9113460198894372,1.0582010582010581,1404.1572062317705,720.0,360.0,140.0,90.0,6.0
C11,精密设备增加与局部修正,scenario,,U2,精密设备降速,VF,363813246dbd6778,2528.1572062317705,2528.1572062317705,0.0,0.0,False,0,2,3.3647058823529408,1.8504201680672265,1.011365585195117,1.4405762304921967,1404.1572062317705,720.0,360.0,140.0,90.0,6.0
C11,精密设备增加与局部修正,scenario,,U3,全设备效率下降,VF,363813246dbd6778,2528.1572062317705,2528.1572062317705,0.0,0.0,False,0,3,3.5111111111111093,1.3555555555555552,1.0392119810887317,1.3227513227513226,1404.1572062317705,720.0,360.0,140.0,90.0,6.0
C11,精密设备增加与局部修正,scenario,,U4,普通设备故障,VF,363813246dbd6778,2528.1572062317705,2528.1572062317705,0.0,0.0,False,3,0,0.0,0.0,0.6884824636925476,0.9920634920634921,1404.1572062317705,720.0,360.0,140.0,90.0,6.0
C11,精密设备增加与局部修正,scenario,,U5,精密设备故障,VF,363813246dbd6778,2528.1572062317705,2528.1572062317705,0.0,0.0,False,2,0,0.0,0.0,0.6818687070787911,0.9523809523809523,1404.1572062317705,720.0,360.0,140.0,90.0,6.0
C11,精密设备增加与局部修正,scenario,,U6,隐藏裂纹出现,VF,363813246dbd6778,2504.068721184486,2528.1572062317705,-24.088485047284394,0.009528080369332882,True,0,0,0.0,0.0,0.8746217242526998,0.9920634920634921,1382.068721184486,720.0,360.0,140.0,90.0,8.0
C11,精密设备增加与局部修正,scenario,,U7,复合压力情景,VF,363813246dbd6778,2472.033681848475,2528.1572062317705,-56.12352438329526,0.0221993807366701,False,3,2,2.580392156862744,1.447058823529411,0.9097767652153262,1.3445378151260503,1354.0336818484752,720.0,360.0,140.0,90.0,12.0
C11,精密设备增加与局部修正,scenario,,U0,基准情景,VDF,363813246dbd6778,2528.1572062317705,2528.1572062317705,0.0,0.0,True,0,0,0.0,0.0,0.8472126224227065,0.9920634920634921,1404.1572062317705,720.0,360.0,140.0,90.0,6.0
C11,精密设备增加与局部修正,scenario,,U1,普通设备降速,VDF,363813246dbd6778,2528.1572062317705,2528.1572062317705,0.0,0.0,False,0,2,0.48888888888888804,0.24444444444444446,0.9113460198894372,1.0582010582010581,1404.1572062317705,720.0,360.0,140.0,90.0,6.0
C11,精密设备增加与局部修正,scenario,,U2,精密设备降速,VDF,363813246dbd6778,2528.1572062317705,2528.1572062317705,0.0,0.0,False,0,2,3.3647058823529408,1.8504201680672265,1.011365585195117,1.4405762304921967,1404.1572062317705,720.0,360.0,140.0,90.0,6.0
C11,精密设备增加与局部修正,scenario,,U3,全设备效率下降,VDF,363813246dbd6778,2528.1572062317705,2528.1572062317705,0.0,0.0,False,0,3,3.5111111111111093,1.3555555555555552,1.0392119810887317,1.3227513227513226,1404.1572062317705,720.0,360.0,140.0,90.0,6.0
C11,精密设备增加与局部修正,scenario,,U4,普通设备故障,VDF,363813246dbd6778,2528.1572062317705,2528.1572062317705,0.0,0.0,False,3,0,0.0,0.0,0.6884824636925476,0.9920634920634921,1404.1572062317705,720.0,360.0,140.0,90.0,6.0
C11,精密设备增加与局部修正,scenario,,U5,精密设备故障,VDF,363813246dbd6778,2528.1572062317705,2528.1572062317705,0.0,0.0,False,2,0,0.0,0.0,0.6818687070787911,0.9523809523809523,1404.1572062317705,720.0,360.0,140.0,90.0,6.0
C11,精密设备增加与局部修正,scenario,,U6,隐藏裂纹出现,VDF,363813246dbd6778,2504.068721184486,2528.1572062317705,-24.088485047284394,0.009528080369332882,True,0,0,0.0,0.0,0.8746217242526998,0.9920634920634921,1382.068721184486,720.0,360.0,140.0,90.0,8.0
C11,精密设备增加与局部修正,scenario,,U7,复合压力情景,VDF,363813246dbd6778,2472.033681848475,2528.1572062317705,-56.12352438329526,0.0221993807366701,False,3,2,2.580392156862744,1.447058823529411,0.9097767652153262,1.3445378151260503,1354.0336818484752,720.0,360.0,140.0,90.0,12.0
C11,精密设备增加与局部修正,scenario,,U0,基准情景,MG,191e7bfb357e76b8,3433.1572062317705,3433.1572062317705,0.0,0.0,True,0,0,0.0,0.0,0.8762830107460479,0.9920634920634921,1404.1572062317705,720.0,360.0,980.0,25.0,6.0
C11,精密设备增加与局部修正,scenario,,U1,普通设备降速,MG,191e7bfb357e76b8,3433.1572062317705,3433.1572062317705,0.0,0.0,False,0,2,0.48888888888888804,0.24444444444444446,0.9404164082127786,1.0582010582010581,1404.1572062317705,720.0,360.0,980.0,25.0,6.0
C11,精密设备增加与局部修正,scenario,,U2,精密设备降速,MG,191e7bfb357e76b8,3433.1572062317705,3433.1572062317705,0.0,0.0,False,0,2,3.3647058823529408,1.8504201680672265,1.0412665560419823,1.4405762304921967,1404.1572062317705,720.0,360.0,980.0,25.0,6.0
C11,精密设备增加与局部修正,scenario,,U3,全设备效率下降,MG,191e7bfb357e76b8,3433.1572062317705,3433.1572062317705,0.0,0.0,False,0,3,3.5111111111111093,1.3555555555555552,1.068282369412073,1.3227513227513226,1404.1572062317705,720.0,360.0,980.0,25.0,6.0
C11,精密设备增加与局部修正,scenario,,U4,普通设备故障,MG,191e7bfb357e76b8,3433.1572062317705,3433.1572062317705,0.0,0.0,False,3,0,0.0,0.0,0.717552852015889,0.9920634920634921,1404.1572062317705,720.0,360.0,980.0,25.0,6.0
C11,精密设备增加与局部修正,scenario,,U5,精密设备故障,MG,191e7bfb357e76b8,3433.1572062317705,3433.1572062317705,0.0,0.0,False,2,0,0.0,0.0,0.7109390954021325,0.9523809523809523,1404.1572062317705,720.0,360.0,980.0,25.0,6.0
C11,精密设备增加与局部修正,scenario,,U6,隐藏裂纹出现,MG,191e7bfb357e76b8,3409.068721184486,3433.1572062317705,-24.088485047284394,0.0070164235426095995,False,0,1,0.5710373620180205,0.5710373620180205,0.9354659576184451,1.1359612766709573,1382.068721184486,720.0,360.0,980.0,25.0,8.0
C11,精密设备增加与局部修正,scenario,,U7,复合压力情景,MG,191e7bfb357e76b8,3377.033681848475,3433.1572062317705,-56.12352438329526,0.01634749620012198,False,3,3,4.088808510787606,1.5084163539248623,0.9581844007442886,1.359146750934491,1354.0336818484752,720.0,360.0,980.0,25.0,12.0
C11,精密设备增加与局部修正,scenario,,U0,基准情景,MG-LS,191e7bfb357e76b8,3433.1572062317705,3433.1572062317705,0.0,0.0,True,0,0,0.0,0.0,0.8762830107460479,0.9920634920634921,1404.1572062317705,720.0,360.0,980.0,25.0,6.0
C11,精密设备增加与局部修正,scenario,,U1,普通设备降速,MG-LS,191e7bfb357e76b8,3433.1572062317705,3433.1572062317705,0.0,0.0,False,0,2,0.48888888888888804,0.24444444444444446,0.9404164082127786,1.0582010582010581,1404.1572062317705,720.0,360.0,980.0,25.0,6.0
C11,精密设备增加与局部修正,scenario,,U2,精密设备降速,MG-LS,191e7bfb357e76b8,3433.1572062317705,3433.1572062317705,0.0,0.0,False,0,2,3.3647058823529408,1.8504201680672265,1.0412665560419823,1.4405762304921967,1404.1572062317705,720.0,360.0,980.0,25.0,6.0
C11,精密设备增加与局部修正,scenario,,U3,全设备效率下降,MG-LS,191e7bfb357e76b8,3433.1572062317705,3433.1572062317705,0.0,0.0,False,0,3,3.5111111111111093,1.3555555555555552,1.068282369412073,1.3227513227513226,1404.1572062317705,720.0,360.0,980.0,25.0,6.0
C11,精密设备增加与局部修正,scenario,,U4,普通设备故障,MG-LS,191e7bfb357e76b8,3433.1572062317705,3433.1572062317705,0.0,0.0,False,3,0,0.0,0.0,0.717552852015889,0.9920634920634921,1404.1572062317705,720.0,360.0,980.0,25.0,6.0
C11,精密设备增加与局部修正,scenario,,U5,精密设备故障,MG-LS,191e7bfb357e76b8,3433.1572062317705,3433.1572062317705,0.0,0.0,False,2,0,0.0,0.0,0.7109390954021325,0.9523809523809523,1404.1572062317705,720.0,360.0,980.0,25.0,6.0
C11,精密设备增加与局部修正,scenario,,U6,隐藏裂纹出现,MG-LS,191e7bfb357e76b8,3409.068721184486,3433.1572062317705,-24.088485047284394,0.0070164235426095995,False,0,1,0.5710373620180205,0.5710373620180205,0.9354659576184451,1.1359612766709573,1382.068721184486,720.0,360.0,980.0,25.0,8.0
C11,精密设备增加与局部修正,scenario,,U7,复合压力情景,MG-LS,191e7bfb357e76b8,3377.033681848475,3433.1572062317705,-56.12352438329526,0.01634749620012198,False,3,3,4.088808510787606,1.5084163539248623,0.9581844007442886,1.359146750934491,1354.0336818484752,720.0,360.0,980.0,25.0,12.0
C12,大规模严重瓶颈,scenario,,U0,基准情景,VF,09753e254a939509,1985.8426175398013,1985.8426175398013,0.0,0.0,True,0,0,0.0,0.0,0.8670000793839805,0.9287925696594429,1753.8426175398013,336.0,216.0,0.0,200.0,120.0
C12,大规模严重瓶颈,scenario,,U1,普通设备降速,VF,09753e254a939509,1985.8426175398013,1985.8426175398013,0.0,0.0,False,0,2,1.5503267973856207,0.9058823529411768,0.9679059388037716,1.238390092879257,1753.8426175398013,336.0,216.0,0.0,200.0,120.0
C12,大规模严重瓶颈,scenario,,U2,精密设备降速,VF,09753e254a939509,1985.8426175398013,1985.8426175398013,0.0,0.0,False,0,1,1.9142857142857146,1.9142857142857146,0.9993309064516496,1.5037593984962407,1753.8426175398013,336.0,216.0,0.0,200.0,120.0
C12,大规模严重瓶颈,scenario,,U3,全设备效率下降,VF,09753e254a939509,1985.8426175398013,1985.8426175398013,0.0,0.0,False,0,3,5.166113624937155,2.0823529411764703,1.2352535436126768,1.547987616099071,1753.8426175398013,336.0,216.0,0.0,200.0,120.0
C12,大规模严重瓶颈,scenario,,U4,普通设备故障,VF,09753e254a939509,1985.8426175398013,1985.8426175398013,0.0,0.0,False,2,0,0.0,0.0,0.7050567595459236,0.9287925696594429,1753.8426175398013,336.0,216.0,0.0,200.0,120.0
C12,大规模严重瓶颈,scenario,,U5,精密设备故障,VF,09753e254a939509,1985.8426175398013,1985.8426175398013,0.0,0.0,False,2,0,0.0,0.0,0.6985790267524015,0.9287925696594429,1753.8426175398013,336.0,216.0,0.0,200.0,120.0
C12,大规模严重瓶颈,scenario,,U6,隐藏裂纹出现,VF,09753e254a939509,1957.3612786572312,1985.8426175398013,-28.48133888257007,0.014342193399925478,True,0,0,0.0,0.0,0.8670000793839805,0.9287925696594429,1735.3612786572312,336.0,216.0,0.0,200.0,130.0
C12,大规模严重瓶颈,scenario,,U7,复合压力情景,VF,09753e254a939509,1932.306104064336,1985.8426175398013,-53.5365134754652,0.02695909182460286,False,2,2,3.3803921568627455,1.8470588235294123,0.9287925696594428,1.4860681114551084,1715.3061040643358,336.0,216.0,0.0,200.0,135.0
C12,大规模严重瓶颈,scenario,,U0,基准情景,VDF,1e4e0e75408e06b2,2035.8426175398013,2035.8426175398013,0.0,0.0,True,0,0,0.0,0.0,0.8670000793839805,0.9287925696594429,1753.8426175398013,336.0,216.0,90.0,240.0,120.0
C12,大规模严重瓶颈,scenario,,U1,普通设备降速,VDF,1e4e0e75408e06b2,2035.8426175398013,2035.8426175398013,0.0,0.0,False,0,2,1.5503267973856207,0.9058823529411768,0.9679059388037716,1.238390092879257,1753.8426175398013,336.0,216.0,90.0,240.0,120.0
C12,大规模严重瓶颈,scenario,,U2,精密设备降速,VDF,1e4e0e75408e06b2,2035.8426175398013,2035.8426175398013,0.0,0.0,False,0,1,1.9142857142857146,1.9142857142857146,0.9993309064516496,1.5037593984962407,1753.8426175398013,336.0,216.0,90.0,240.0,120.0
C12,大规模严重瓶颈,scenario,,U3,全设备效率下降,VDF,1e4e0e75408e06b2,2035.8426175398013,2035.8426175398013,0.0,0.0,False,0,3,5.166113624937155,2.0823529411764703,1.2352535436126768,1.547987616099071,1753.8426175398013,336.0,216.0,90.0,240.0,120.0
C12,大规模严重瓶颈,scenario,,U4,普通设备故障,VDF,1e4e0e75408e06b2,2035.8426175398013,2035.8426175398013,0.0,0.0,False,2,0,0.0,0.0,0.7050567595459236,0.9287925696594429,1753.8426175398013,336.0,216.0,90.0,240.0,120.0
C12,大规模严重瓶颈,scenario,,U5,精密设备故障,VDF,1e4e0e75408e06b2,2035.8426175398013,2035.8426175398013,0.0,0.0,False,2,0,0.0,0.0,0.6985790267524015,0.9287925696594429,1753.8426175398013,336.0,216.0,90.0,240.0,120.0
C12,大规模严重瓶颈,scenario,,U6,隐藏裂纹出现,VDF,1e4e0e75408e06b2,2007.3612786572312,2035.8426175398013,-28.48133888257007,0.013989951206045648,True,0,0,0.0,0.0,0.8670000793839805,0.9287925696594429,1735.3612786572312,336.0,216.0,90.0,240.0,130.0
C12,大规模严重瓶颈,scenario,,U7,复合压力情景,VDF,1e4e0e75408e06b2,1982.306104064336,2035.8426175398013,-53.5365134754652,0.02629698043170007,False,2,2,3.3803921568627455,1.8470588235294123,0.9287925696594428,1.4860681114551084,1715.3061040643358,336.0,216.0,90.0,240.0,135.0
C12,大规模严重瓶颈,scenario,,U0,基准情景,MG,bf96a69dd78f63fe,2155.8426175398013,2155.8426175398013,0.0,0.0,True,0,0,0.0,0.0,0.8670000793839805,0.9287925696594429,1753.8426175398013,336.0,216.0,90.0,120.0,120.0
C12,大规模严重瓶颈,scenario,,U1,普通设备降速,MG,bf96a69dd78f63fe,2155.8426175398013,2155.8426175398013,0.0,0.0,False,0,2,1.5503267973856207,0.9058823529411768,0.9679059388037716,1.238390092879257,1753.8426175398013,336.0,216.0,90.0,120.0,120.0
C12,大规模严重瓶颈,scenario,,U2,精密设备降速,MG,bf96a69dd78f63fe,2155.8426175398013,2155.8426175398013,0.0,0.0,False,0,1,1.9142857142857146,1.9142857142857146,0.9993309064516496,1.5037593984962407,1753.8426175398013,336.0,216.0,90.0,120.0,120.0
C12,大规模严重瓶颈,scenario,,U3,全设备效率下降,MG,bf96a69dd78f63fe,2155.8426175398013,2155.8426175398013,0.0,0.0,False,0,3,5.166113624937155,2.0823529411764703,1.2352535436126768,1.547987616099071,1753.8426175398013,336.0,216.0,90.0,120.0,120.0
C12,大规模严重瓶颈,scenario,,U4,普通设备故障,MG,bf96a69dd78f63fe,2155.8426175398013,2155.8426175398013,0.0,0.0,False,2,0,0.0,0.0,0.7050567595459236,0.9287925696594429,1753.8426175398013,336.0,216.0,90.0,120.0,120.0
C12,大规模严重瓶颈,scenario,,U5,精密设备故障,MG,bf96a69dd78f63fe,2155.8426175398013,2155.8426175398013,0.0,0.0,False,2,0,0.0,0.0,0.6985790267524015,0.9287925696594429,1753.8426175398013,336.0,216.0,90.0,120.0,120.0
C12,大规模严重瓶颈,scenario,,U6,隐藏裂纹出现,MG,bf96a69dd78f63fe,2127.361278657231,2155.8426175398013,-28.48133888257007,0.013211232884463676,True,0,0,0.0,0.0,0.8670000793839805,0.9287925696594429,1735.3612786572312,336.0,216.0,90.0,120.0,130.0
C12,大规模严重瓶颈,scenario,,U7,复合压力情景,MG,bf96a69dd78f63fe,2102.306104064336,2155.8426175398013,-53.5365134754652,0.02483321975356432,False,2,2,3.3803921568627455,1.8470588235294123,0.9287925696594428,1.4860681114551084,1715.3061040643358,336.0,216.0,90.0,120.0,135.0
C12,大规模严重瓶颈,scenario,,U0,基准情景,MG-LS,bf96a69dd78f63fe,2155.8426175398013,2155.8426175398013,0.0,0.0,True,0,0,0.0,0.0,0.8670000793839805,0.9287925696594429,1753.8426175398013,336.0,216.0,90.0,120.0,120.0
C12,大规模严重瓶颈,scenario,,U1,普通设备降速,MG-LS,bf96a69dd78f63fe,2155.8426175398013,2155.8426175398013,0.0,0.0,False,0,2,1.5503267973856207,0.9058823529411768,0.9679059388037716,1.238390092879257,1753.8426175398013,336.0,216.0,90.0,120.0,120.0
C12,大规模严重瓶颈,scenario,,U2,精密设备降速,MG-LS,bf96a69dd78f63fe,2155.8426175398013,2155.8426175398013,0.0,0.0,False,0,1,1.9142857142857146,1.9142857142857146,0.9993309064516496,1.5037593984962407,1753.8426175398013,336.0,216.0,90.0,120.0,120.0
C12,大规模严重瓶颈,scenario,,U3,全设备效率下降,MG-LS,bf96a69dd78f63fe,2155.8426175398013,2155.8426175398013,0.0,0.0,False,0,3,5.166113624937155,2.0823529411764703,1.2352535436126768,1.547987616099071,1753.8426175398013,336.0,216.0,90.0,120.0,120.0
C12,大规模严重瓶颈,scenario,,U4,普通设备故障,MG-LS,bf96a69dd78f63fe,2155.8426175398013,2155.8426175398013,0.0,0.0,False,2,0,0.0,0.0,0.7050567595459236,0.9287925696594429,1753.8426175398013,336.0,216.0,90.0,120.0,120.0
C12,大规模严重瓶颈,scenario,,U5,精密设备故障,MG-LS,bf96a69dd78f63fe,2155.8426175398013,2155.8426175398013,0.0,0.0,False,2,0,0.0,0.0,0.6985790267524015,0.9287925696594429,1753.8426175398013,336.0,216.0,90.0,120.0,120.0
C12,大规模严重瓶颈,scenario,,U6,隐藏裂纹出现,MG-LS,bf96a69dd78f63fe,2127.361278657231,2155.8426175398013,-28.48133888257007,0.013211232884463676,True,0,0,0.0,0.0,0.8670000793839805,0.9287925696594429,1735.3612786572312,336.0,216.0,90.0,120.0,130.0
C12,大规模严重瓶颈,scenario,,U7,复合压力情景,MG-LS,bf96a69dd78f63fe,2102.306104064336,2155.8426175398013,-53.5365134754652,0.02483321975356432,False,2,2,3.3803921568627455,1.8470588235294123,0.9287925696594428,1.4860681114551084,1715.3061040643358,336.0,216.0,90.0,120.0,135.0
