case_id,method,objective_value,feasible,processed_count,ordinary_count,precision_count,unprocessed_count,ordinary_blocks,precision_blocks,device_block_groups,device_loads,mean_utilization,max_utilization
COMBO01,VF,1892.0,True,12,5,7,0,B_3_2 B_3_3 B_4_1 B_4_2 B_4_3,B_1_1 B_1_2 B_1_3 B_2_1 B_2_2 B_2_3 B_3_1,O1:B_3_2 B_3_3 B_4_1 B_4_2 B_4_3; P1:B_1_1 B_1_2 B_1_3 B_2_1; P2:B_2_2 B_2_3 B_3_1,O1:1.905/6.400; O2:0.000/6.400; O3:0.000/6.400; P1:6.000/6.400; P2:6.000/6.400,0.4345238095238095,0.9375
COMBO01,VDF,1176.0,True,12,12,0,0,B_1_1 B_1_2 B_1_3 B_2_1 B_2_2 B_2_3 B_3_1 B_3_2 B_3_3 B_4_1 B_4_2 B_4_3,,O1:B_1_1 B_1_2 B_1_3 B_2_1 B_2_2 B_2_3 B_3_1 B_3_2 B_3_3 B_4_1 B_4_2 B_4_3,O1:4.571/6.400; O2:0.000/6.400; O3:0.000/6.400; P1:0.000/6.400; P2:0.000/6.400,0.14285714285714285,0.7142857142857142
COMBO01,MG,1176.0,True,12,12,0,0,B_1_1 B_1_2 B_1_3 B_2_1 B_2_2 B_2_3 B_3_1 B_3_2 B_3_3 B_4_1 B_4_2 B_4_3,,O1:B_1_1 B_1_2 B_1_3 B_2_1 B_2_2 B_2_3 B_3_1 B_3_2 B_3_3 B_4_1 B_4_2 B_4_3,O1:4.571/6.400; O2:0.000/6.400; O3:0.000/6.400; P1:0.000/6.400; P2:0.000/6.400,0.14285714285714285,0.7142857142857142
COMBO01,MG-LS,1892.0,True,12,5,7,0,B_3_2 B_3_3 B_4_1 B_4_2 B_4_3,B_1_1 B_1_2 B_1_3 B_2_1 B_2_2 B_2_3 B_3_1,O1:B_3_2 B_3_3 B_4_1 B_4_2 B_4_3; P1:B_1_1 B_1_2 B_2_1 B_2_2; P2:B_1_3 B_2_3 B_3_1,O1:1.905/6.400; O2:0.000/6.400; O3:0.000/6.400; P1:6.000/6.400; P2:6.000/6.400,0.4345238095238095,0.9375
COMBO02,VF,2623.8701999307314,True,20,11,9,0,B_1_3 B_1_4 B_2_3 B_3_3 B_4_2 B_4_3 B_4_4 B_5_1 B_5_2 B_5_3 B_5_4,B_1_1 B_1_2 B_2_1 B_2_2 B_2_4 B_3_1 B_3_2 B_3_4 B_4_1,O1:B_1_3 B_1_4 B_2_3 B_3_3 B_4_2 B_4_3 B_4_4 B_5_1 B_5_2 B_5_3 B_5_4; P1:B_1_1 B_1_2 B_2_1 B_2_2 B_2_4; P2:B_3_1 B_3_2 B_3_4 B_4_1,O1:5.217/5.600; O2:0.000/5.600; O3:0.000/5.600; P1:5.000/5.600; P2:5.333/5.600,0.5553662984302905,0.9523809523809524
COMBO02,VDF,1901.8701999307314,True,20,20,0,0,B_1_1 B_1_2 B_1_3 B_1_4 B_2_1 B_2_2 B_2_3 B_2_4 B_3_1 B_3_2 B_3_3 B_3_4 B_4_1 B_4_2 B_4_3 B_4_4 B_5_1 B_5_2 B_5_3 B_5_4,,O1:B_1_1 B_1_2 B_2_1 B_2_2 B_2_4 B_3_1 B_3_2 B_3_4 B_4_1 B_4_2 B_4_4 B_5_1; O2:B_1_3 B_1_4 B_2_3 B_3_3 B_4_3 B_5_2 B_5_3 B_5_4,O1:5.333/5.600; O2:4.993/5.600; O3:0.000/5.600; P1:0.000/5.600; P2:0.000/5.600,0.3688042884579925,0.9523809523809527
COMBO02,MG,1901.8701999307314,True,20,20,0,0,B_1_1 B_1_2 B_1_3 B_1_4 B_2_1 B_2_2 B_2_3 B_2_4 B_3_1 B_3_2 B_3_3 B_3_4 B_4_1 B_4_2 B_4_3 B_4_4 B_5_1 B_5_2 B_5_3 B_5_4,,O1:B_1_1 B_1_2 B_2_1 B_2_2 B_2_4 B_3_1 B_3_2 B_3_4 B_4_1 B_4_2 B_4_4 B_5_1; O2:B_1_3 B_1_4 B_2_3 B_3_3 B_4_3 B_5_2 B_5_3 B_5_4,O1:5.333/5.600; O2:4.993/5.600; O3:0.000/5.600; P1:0.000/5.600; P2:0.000/5.600,0.3688042884579925,0.9523809523809527
COMBO02,MG-LS,2785.8701999307314,True,20,12,8,0,B_3_1 B_3_2 B_3_3 B_3_4 B_4_1 B_4_2 B_4_3 B_4_4 B_5_1 B_5_2 B_5_3 B_5_4,B_1_1 B_1_2 B_1_3 B_1_4 B_2_1 B_2_2 B_2_3 B_2_4,O1:B_3_1 B_3_2 B_3_4 B_4_1 B_4_2 B_4_4 B_5_1; O2:B_3_3 B_4_3 B_5_2 B_5_3 B_5_4; P1:B_1_1 B_1_2 B_1_3 B_2_1 B_2_2; P2:B_1_4 B_2_3 B_2_4,O1:3.111/5.600; O2:3.045/5.600; O3:0.000/5.600; P1:5.016/5.600; P2:4.524/5.600,0.5605854181662348,0.8956580822494882
COMBO03,VF,2813.6848736101842,True,26,19,7,4,B_1_2 B_1_4 B_1_5 B_3_3 B_3_4 B_4_1 B_4_3 B_4_4 B_4_5 B_5_1 B_5_2 B_5_3 B_5_4 B_5_5 B_6_1 B_6_2 B_6_3 B_6_4 B_6_5,B_1_1 B_1_3 B_2_1 B_2_3 B_2_5 B_3_1 B_3_5,O1:B_4_1 B_4_4 B_4_5 B_5_1 B_5_3 B_5_4 B_5_5 B_6_1 B_6_2; O2:B_1_4 B_1_5 B_3_3 B_6_3 B_6_4 B_6_5; O3:B_1_2 B_3_4 B_4_3 B_5_2; P1:B_1_1 B_1_3 B_2_1 B_2_3; P2:B_2_5 B_3_1 B_3_5,O1:4.800/4.800; O2:4.217/4.800; O3:4.707/4.800; P1:4.800/4.800; P2:4.800/4.800,0.9718262493819912,1.0000000000000002
COMBO03,VDF,2574.6848736101842,True,25,20,5,5,B_1_1 B_1_2 B_1_3 B_1_4 B_1_5 B_2_1 B_2_3 B_2_5 B_3_1 B_3_3 B_3_5 B_4_1 B_4_4 B_4_5 B_5_1 B_5_3 B_5_4 B_5_5 B_6_1 B_6_2,B_4_3 B_5_2 B_6_3 B_6_4 B_6_5,O1:B_1_1 B_1_3 B_2_1 B_2_3 B_2_5 B_3_1 B_3_5 B_4_1 B_4_4; O2:B_4_5 B_5_1 B_5_3 B_5_4 B_5_5 B_6_1 B_6_2; O3:B_1_2 B_1_4 B_1_5 B_3_3; P1:B_6_3 B_6_4 B_6_5; P2:B_4_3 B_5_2,O1:4.800/4.800; O2:4.800/4.800; O3:4.126/4.800; P1:3.600/4.800; P2:3.999/4.800,0.8885090194232644,1.0000000000000002
COMBO03,MG,2719.6848736101842,True,25,20,5,5,B_1_1 B_1_3 B_1_5 B_2_1 B_2_3 B_2_5 B_3_1 B_3_5 B_4_1 B_4_4 B_4_5 B_5_1 B_5_3 B_5_4 B_5_5 B_6_1 B_6_2 B_6_3 B_6_4 B_6_5,B_1_4 B_2_4 B_3_3 B_3_4 B_4_3,O1:B_1_1 B_1_3 B_2_1 B_2_3 B_2_5 B_3_1 B_3_5 B_4_1 B_4_4; O2:B_4_5 B_5_1 B_5_3 B_5_4 B_5_5 B_6_1 B_6_2; O3:B_1_5 B_6_3 B_6_4 B_6_5; P1:B_1_4 B_2_4 B_3_4; P2:B_3_3 B_4_3,O1:4.800/4.800; O2:4.800/4.800; O3:3.880/4.800; P1:4.346/4.800; P2:3.682/4.800,0.8961169168053938,1.0000000000000002
COMBO03,MG-LS,3097.6848736101842,True,25,19,6,5,B_1_1 B_1_2 B_2_1 B_3_1 B_3_3 B_3_4 B_3_5 B_4_1 B_4_4 B_4_5 B_5_1 B_5_3 B_5_4 B_5_5 B_6_1 B_6_2 B_6_3 B_6_4 B_6_5,B_1_3 B_1_4 B_1_5 B_2_3 B_2_4 B_2_5,O1:B_1_1 B_2_1 B_3_1 B_3_3 B_3_4 B_3_5 B_4_1 B_4_4; O2:B_4_5 B_5_1 B_5_3 B_5_4 B_5_5 B_6_1 B_6_2; O3:B_1_2 B_6_3 B_6_4 B_6_5; P1:B_1_4 B_1_5 B_2_4; P2:B_1_3 B_2_3 B_2_5,O1:4.432/4.800; O2:4.800/4.800; O3:3.981/4.800; P1:4.088/4.800; P2:4.800/4.800,0.9208873157902687,1.0000000000000002
COMBO04,VF,2340.722232394935,True,17,13,4,18,B_2_5 B_3_1 B_3_3 B_3_5 B_5_1 B_5_4 B_5_5 B_6_1 B_6_3 B_6_4 B_6_5 B_7_1 B_7_2,B_1_1 B_1_3 B_2_1 B_2_3,O1:B_2_5 B_3_1 B_3_3 B_3_5 B_5_1 B_5_4; O2:B_5_5 B_6_1 B_6_3 B_6_4; O3:B_6_5 B_7_1 B_7_2; P1:B_1_1 B_1_3; P2:B_2_1 B_2_3,O1:4.000/4.000; O2:3.429/4.000; O3:3.600/4.000; P1:3.000/4.000; P2:4.000/4.000,0.9014285714285715,1.0
COMBO04,VDF,2365.722232394935,True,17,13,4,18,B_1_1 B_1_3 B_2_1 B_2_3 B_2_5 B_3_1 B_3_3 B_3_5 B_5_1 B_5_4 B_6_3 B_6_4 B_6_5,B_5_5 B_6_1 B_7_1 B_7_2,O1:B_1_1 B_1_3 B_2_1 B_2_3 B_2_5 B_3_1; O2:B_3_3 B_3_5 B_5_1 B_5_4; O3:B_6_3 B_6_4 B_6_5; P1:B_5_5 B_6_1; P2:B_7_1 B_7_2,O1:4.000/4.000; O2:3.429/4.000; O3:3.600/4.000; P1:3.000/4.000; P2:4.000/4.000,0.9014285714285715,1.0
COMBO04,MG,2475.722232394935,True,17,13,4,18,B_1_1 B_1_3 B_2_1 B_2_3 B_2_5 B_3_1 B_3_3 B_3_5 B_5_1 B_5_4 B_5_5 B_6_1 B_6_3,B_7_1 B_7_2 B_7_3 B_7_4,O1:B_1_1 B_1_3 B_2_1 B_2_3 B_2_5 B_3_1; O2:B_3_3 B_3_5 B_5_1 B_5_4; O3:B_5_5 B_6_1 B_6_3; P1:B_7_1 B_7_2; P2:B_7_3 B_7_4,O1:4.000/4.000; O2:3.429/4.000; O3:3.600/4.000; P1:3.000/4.000; P2:4.000/4.000,0.9014285714285715,1.0
COMBO04,MG-LS,2475.722232394935,True,17,13,4,18,B_1_1 B_1_3 B_2_1 B_2_3 B_2_5 B_3_1 B_3_3 B_3_5 B_5_1 B_5_4 B_5_5 B_6_1 B_6_3,B_7_1 B_7_2 B_7_3 B_7_4,O1:B_1_1 B_1_3 B_2_1 B_2_3 B_2_5 B_3_1; O2:B_3_3 B_3_5 B_5_1 B_5_4; O3:B_5_5 B_6_1 B_6_3; P1:B_7_1 B_7_2; P2:B_7_3 B_7_4,O1:4.000/4.000; O2:3.429/4.000; O3:3.600/4.000; P1:3.000/4.000; P2:4.000/4.000,0.9014285714285715,1.0
COMBO05,VF,2263.7463057952295,True,9,7,2,39,B_1_4 B_1_6 B_2_1 B_2_3 B_2_4 B_2_6 B_3_1,B_1_1 B_1_3,O1:B_1_4 B_1_6 B_2_1; O2:B_2_3 B_2_4; O3:B_2_6 B_3_1; P1:B_1_1; P2:B_1_3,O1:2.667/3.200; O2:2.286/3.200; O3:3.200/3.200; P1:2.000/3.200; P2:2.667/3.200,0.8011904761904761,1.0
COMBO05,VDF,2213.7463057952295,True,9,7,2,39,B_1_1 B_1_3 B_1_4 B_1_6 B_2_1 B_2_4 B_2_6,B_2_3 B_3_1,O1:B_1_1 B_1_3 B_1_4; O2:B_1_6 B_2_1; O3:B_2_4 B_2_6; P1:B_2_3; P2:B_3_1,O1:2.667/3.200; O2:2.286/3.200; O3:3.200/3.200; P1:2.000/3.200; P2:2.667/3.200,0.8011904761904761,1.0
COMBO05,MG,2373.7463057952295,True,9,7,2,39,B_1_1 B_1_3 B_1_4 B_1_6 B_2_1 B_2_3 B_2_4,B_7_1 B_8_1,O1:B_1_1 B_1_3 B_1_4; O2:B_1_6 B_2_1; O3:B_2_3 B_2_4; P1:B_8_1; P2:B_7_1,O1:2.667/3.200; O2:2.286/3.200; O3:3.200/3.200; P1:2.000/3.200; P2:2.667/3.200,0.8011904761904761,1.0
COMBO05,MG-LS,2373.7463057952295,True,9,7,2,39,B_1_1 B_1_3 B_1_4 B_1_6 B_2_1 B_2_3 B_2_4,B_7_1 B_8_1,O1:B_1_1 B_1_3 B_1_4; O2:B_1_6 B_2_1; O3:B_2_3 B_2_4; P1:B_8_1; P2:B_7_1,O1:2.667/3.200; O2:2.286/3.200; O3:3.200/3.200; P1:2.000/3.200; P2:2.667/3.200,0.8011904761904761,1.0
COMBO06,VF,2361.357489132748,True,3,3,0,57,B_10_1 B_10_3 B_10_4,,O1:B_10_1; O2:B_10_3; O3:B_10_4,O1:1.333/2.400; O2:1.714/2.400; O3:2.400/2.400; P1:0.000/2.400; P2:0.000/2.400,0.45396825396825397,1.0
COMBO06,VDF,2361.357489132748,True,3,3,0,57,B_10_1 B_10_3 B_10_4,,O1:B_10_1; O2:B_10_3; O3:B_10_4,O1:1.333/2.400; O2:1.714/2.400; O3:2.400/2.400; P1:0.000/2.400; P2:0.000/2.400,0.45396825396825397,1.0
COMBO06,MG,2361.357489132748,True,3,3,0,57,B_10_1 B_10_3 B_10_4,,O1:B_10_1; O2:B_10_3; O3:B_10_4,O1:1.333/2.400; O2:1.714/2.400; O3:2.400/2.400; P1:0.000/2.400; P2:0.000/2.400,0.45396825396825397,1.0
COMBO06,MG-LS,2361.357489132748,True,3,3,0,57,B_10_1 B_10_3 B_10_4,,O1:B_10_1; O2:B_10_3; O3:B_10_4,O1:1.333/2.400; O2:1.714/2.400; O3:2.400/2.400; P1:0.000/2.400; P2:0.000/2.400,0.45396825396825397,1.0
CRACK01,VF,2767.0,True,19,14,5,11,B_2_1 B_2_2 B_2_3 B_2_4 B_2_5 B_3_1 B_3_2 B_3_3 B_3_4 B_3_5 B_4_1 B_4_2 B_4_3 B_4_4,B_1_1 B_1_2 B_1_3 B_1_4 B_1_5,O1:B_2_1 B_2_2 B_2_3 B_2_4 B_2_5 B_3_1; O2:B_3_2 B_3_3 B_3_4 B_3_5 B_4_1; O3:B_4_2 B_4_3 B_4_4; P1:B_1_1 B_1_2 B_1_3; P2:B_1_4 B_1_5,O1:4.000/4.500; O2:4.286/4.500; O3:3.600/4.500; P1:4.500/4.500; P2:4.000/4.500,0.906031746031746,1.0
CRACK01,VDF,2702.0,True,19,14,5,11,B_1_1 B_1_2 B_1_3 B_1_4 B_1_5 B_2_1 B_2_2 B_2_3 B_2_4 B_2_5 B_3_1 B_3_5 B_4_1 B_4_2,B_3_2 B_3_3 B_3_4 B_4_3 B_4_4,O1:B_1_1 B_1_2 B_1_3 B_1_4 B_1_5 B_2_1; O2:B_2_2 B_2_3 B_2_4 B_2_5 B_3_1; O3:B_3_5 B_4_1 B_4_2; P1:B_3_2 B_3_3 B_3_4; P2:B_4_3 B_4_4,O1:4.000/4.500; O2:4.286/4.500; O3:3.600/4.500; P1:4.500/4.500; P2:4.000/4.500,0.906031746031746,1.0
CRACK01,MG,2827.0,True,19,14,5,11,B_1_1 B_1_2 B_1_3 B_1_4 B_1_5 B_2_1 B_2_2 B_2_3 B_2_4 B_2_5 B_3_1 B_3_2 B_3_3 B_3_4,B_4_1 B_5_1 B_5_2 B_6_1 B_6_2,O1:B_1_1 B_1_2 B_1_3 B_1_4 B_1_5 B_2_1; O2:B_2_2 B_2_3 B_2_4 B_2_5 B_3_1; O3:B_3_2 B_3_3 B_3_4; P1:B_4_1 B_5_1 B_6_1; P2:B_5_2 B_6_2,O1:4.000/4.500; O2:4.286/4.500; O3:3.600/4.500; P1:4.500/4.500; P2:4.000/4.500,0.906031746031746,1.0
CRACK01,MG-LS,2827.0,True,19,14,5,11,B_1_1 B_1_2 B_1_3 B_1_4 B_1_5 B_2_1 B_2_2 B_2_3 B_2_4 B_2_5 B_3_1 B_3_2 B_3_3 B_3_4,B_4_1 B_5_1 B_5_2 B_6_1 B_6_2,O1:B_1_1 B_1_2 B_1_3 B_1_4 B_1_5 B_2_1; O2:B_2_2 B_2_3 B_2_4 B_2_5 B_3_1; O3:B_3_2 B_3_3 B_3_4; P1:B_4_1 B_5_1 B_6_1; P2:B_5_2 B_6_2,O1:4.000/4.500; O2:4.286/4.500; O3:3.600/4.500; P1:4.500/4.500; P2:4.000/4.500,0.906031746031746,1.0
CRACK02,VF,2751.328750610017,True,19,14,5,11,B_2_3 B_2_5 B_3_1 B_3_2 B_3_5 B_4_1 B_4_2 B_4_4 B_4_5 B_5_1 B_5_2 B_5_3 B_5_4 B_5_5,B_1_1 B_1_2 B_1_3 B_2_1 B_2_2,O1:B_2_3 B_2_5 B_3_1 B_3_2 B_3_5 B_4_1; O2:B_4_2 B_4_4 B_4_5 B_5_1 B_5_2; O3:B_5_3 B_5_4 B_5_5; P1:B_1_1 B_1_2 B_1_3; P2:B_2_1 B_2_2,O1:4.000/4.500; O2:4.286/4.500; O3:3.600/4.500; P1:4.500/4.500; P2:4.000/4.500,0.906031746031746,1.0
CRACK02,VDF,2566.328750610017,True,19,14,5,11,B_1_1 B_1_2 B_1_3 B_2_1 B_2_2 B_2_3 B_2_5 B_3_1 B_3_2 B_3_5 B_4_1 B_5_1 B_5_2 B_5_3,B_4_2 B_4_4 B_4_5 B_5_4 B_5_5,O1:B_1_1 B_1_2 B_1_3 B_2_1 B_2_2 B_2_3; O2:B_2_5 B_3_1 B_3_2 B_3_5 B_4_1; O3:B_5_1 B_5_2 B_5_3; P1:B_4_2 B_4_4 B_4_5; P2:B_5_4 B_5_5,O1:4.000/4.500; O2:4.286/4.500; O3:3.600/4.500; P1:4.500/4.500; P2:4.000/4.500,0.906031746031746,1.0
CRACK02,MG,2751.328750610017,True,19,14,5,11,B_1_1 B_1_2 B_1_3 B_2_1 B_2_2 B_2_3 B_2_5 B_3_1 B_3_2 B_3_5 B_4_1 B_4_2 B_4_4 B_4_5,B_5_1 B_5_2 B_6_1 B_6_2 B_6_3,O1:B_1_1 B_1_2 B_1_3 B_2_1 B_2_2 B_2_3; O2:B_2_5 B_3_1 B_3_2 B_3_5 B_4_1; O3:B_4_2 B_4_4 B_4_5; P1:B_5_1 B_6_1 B_6_2; P2:B_5_2 B_6_3,O1:4.000/4.500; O2:4.286/4.500; O3:3.600/4.500; P1:4.500/4.500; P2:4.000/4.500,0.906031746031746,1.0
CRACK02,MG-LS,2751.328750610017,True,19,14,5,11,B_1_1 B_1_2 B_1_3 B_2_1 B_2_2 B_2_3 B_2_5 B_3_1 B_3_2 B_3_5 B_4_1 B_4_2 B_4_4 B_4_5,B_5_1 B_5_2 B_6_1 B_6_2 B_6_3,O1:B_1_1 B_1_2 B_1_3 B_2_1 B_2_2 B_2_3; O2:B_2_5 B_3_1 B_3_2 B_3_5 B_4_1; O3:B_4_2 B_4_4 B_4_5; P1:B_5_1 B_6_1 B_6_2; P2:B_5_2 B_6_3,O1:4.000/4.500; O2:4.286/4.500; O3:3.600/4.500; P1:4.500/4.500; P2:4.000/4.500,0.906031746031746,1.0
CRACK03,VF,2311.6848736101842,True,19,14,5,11,B_3_1 B_3_5 B_4_1 B_4_4 B_4_5 B_5_1 B_5_3 B_5_4 B_5_5 B_6_1 B_6_2 B_6_3 B_6_4 B_6_5,B_1_1 B_1_3 B_2_1 B_2_3 B_2_5,O1:B_3_1 B_3_5 B_4_1 B_4_4 B_4_5 B_5_1; O2:B_5_3 B_5_4 B_5_5 B_6_1 B_6_2; O3:B_6_3 B_6_4 B_6_5; P1:B_1_1 B_1_3 B_2_1; P2:B_2_3 B_2_5,O1:4.000/4.500; O2:4.286/4.500; O3:3.600/4.500; P1:4.500/4.500; P2:4.000/4.500,0.906031746031746,1.0
CRACK03,VDF,2616.6848736101842,True,19,14,5,11,B_1_1 B_1_3 B_2_1 B_2_3 B_2_5 B_3_1 B_3_5 B_4_1 B_4_4 B_4_5 B_5_1 B_6_1 B_6_2 B_6_3,B_5_3 B_5_4 B_5_5 B_6_4 B_6_5,O1:B_1_1 B_1_3 B_2_1 B_2_3 B_2_5 B_3_1; O2:B_3_5 B_4_1 B_4_4 B_4_5 B_5_1; O3:B_6_1 B_6_2 B_6_3; P1:B_5_3 B_5_4 B_5_5; P2:B_6_4 B_6_5,O1:4.000/4.500; O2:4.286/4.500; O3:3.600/4.500; P1:4.500/4.500; P2:4.000/4.500,0.906031746031746,1.0
CRACK03,MG,2581.6848736101842,True,19,14,5,11,B_1_1 B_1_3 B_2_1 B_2_3 B_2_5 B_3_1 B_3_5 B_4_1 B_4_4 B_4_5 B_5_1 B_5_3 B_5_4 B_5_5,B_6_1 B_6_2 B_6_3 B_6_4 B_6_5,O1:B_1_1 B_1_3 B_2_1 B_2_3 B_2_5 B_3_1; O2:B_3_5 B_4_1 B_4_4 B_4_5 B_5_1; O3:B_5_3 B_5_4 B_5_5; P1:B_6_1 B_6_2 B_6_3; P2:B_6_4 B_6_5,O1:4.000/4.500; O2:4.286/4.500; O3:3.600/4.500; P1:4.500/4.500; P2:4.000/4.500,0.906031746031746,1.0
CRACK03,MG-LS,2581.6848736101842,True,19,14,5,11,B_1_1 B_1_3 B_2_1 B_2_3 B_2_5 B_3_1 B_3_5 B_4_1 B_4_4 B_4_5 B_5_1 B_5_3 B_5_4 B_5_5,B_6_1 B_6_2 B_6_3 B_6_4 B_6_5,O1:B_1_1 B_1_3 B_2_1 B_2_3 B_2_5 B_3_1; O2:B_3_5 B_4_1 B_4_4 B_4_5 B_5_1; O3:B_5_3 B_5_4 B_5_5; P1:B_6_1 B_6_2 B_6_3; P2:B_6_4 B_6_5,O1:4.000/4.500; O2:4.286/4.500; O3:3.600/4.500; P1:4.500/4.500; P2:4.000/4.500,0.906031746031746,1.0
CRACK04,VF,2190.7019792545525,True,19,14,5,11,B_1_5 B_3_1 B_4_1 B_4_4 B_4_5 B_5_1 B_5_3 B_5_4 B_5_5 B_6_1 B_6_2 B_6_3 B_6_4 B_6_5,B_1_1 B_1_3 B_2_1 B_2_3 B_2_5,O1:B_3_1 B_4_4 B_4_5 B_5_1 B_5_3 B_5_4; O2:B_5_5 B_6_1 B_6_2 B_6_3 B_6_4; O3:B_1_5 B_4_1 B_6_5; P1:B_1_1 B_1_3 B_2_1; P2:B_2_3 B_2_5,O1:4.000/4.500; O2:4.286/4.500; O3:3.678/4.500; P1:4.500/4.500; P2:4.000/4.500,0.9095175919125087,1.0
CRACK04,VDF,2130.7019792545525,True,19,14,5,11,B_1_1 B_1_3 B_2_1 B_2_3 B_2_5 B_3_1 B_4_4 B_4_5 B_5_1 B_5_3 B_5_4 B_6_3 B_6_4 B_6_5,B_1_5 B_4_1 B_5_5 B_6_1 B_6_2,O1:B_1_1 B_1_3 B_2_1 B_2_3 B_2_5 B_3_1; O2:B_4_4 B_4_5 B_5_1 B_5_3 B_5_4; O3:B_6_3 B_6_4 B_6_5; P1:B_5_5 B_6_1 B_6_2; P2:B_1_5 B_4_1,O1:4.000/4.500; O2:4.286/4.500; O3:3.600/4.500; P1:4.500/4.500; P2:4.131/4.500,0.9118414891663505,1.0
CRACK04,MG,2350.7019792545525,True,19,14,5,11,B_1_1 B_1_3 B_2_1 B_2_3 B_2_5 B_3_1 B_4_4 B_4_5 B_5_1 B_5_3 B_5_4 B_5_5 B_6_1 B_6_2,B_1_4 B_1_5 B_6_3 B_6_4 B_6_5,O1:B_1_1 B_1_3 B_2_1 B_2_3 B_2_5 B_3_1; O2:B_4_4 B_4_5 B_5_1 B_5_3 B_5_4; O3:B_5_5 B_6_1 B_6_2; P1:B_6_3 B_6_4 B_6_5; P2:B_1_4 B_1_5,O1:4.000/4.500; O2:4.286/4.500; O3:3.600/4.500; P1:4.500/4.500; P2:4.207/4.500,0.9152476973776394,1.0
CRACK04,MG-LS,2350.7019792545525,True,19,14,5,11,B_1_1 B_1_3 B_2_1 B_2_3 B_2_5 B_3_1 B_4_4 B_4_5 B_5_1 B_5_3 B_5_4 B_5_5 B_6_1 B_6_2,B_1_4 B_1_5 B_6_3 B_6_4 B_6_5,O1:B_1_1 B_1_3 B_2_1 B_2_3 B_2_5 B_3_1; O2:B_4_4 B_4_5 B_5_1 B_5_3 B_5_4; O3:B_5_5 B_6_1 B_6_2; P1:B_6_3 B_6_4 B_6_5; P2:B_1_4 B_1_5,O1:4.000/4.500; O2:4.286/4.500; O3:3.600/4.500; P1:4.500/4.500; P2:4.207/4.500,0.9152476973776394,1.0
CRACK05,VF,2085.2619442862506,True,19,14,5,11,B_1_4 B_1_5 B_3_1 B_3_3 B_3_5 B_4_1 B_4_4 B_4_5 B_5_1 B_5_3 B_5_5 B_6_1 B_6_2 B_6_5,B_1_1 B_1_3 B_2_1 B_2_3 B_2_5,O1:B_3_1 B_4_4 B_4_5 B_5_1 B_5_5 B_6_1; O2:B_1_5 B_4_1 B_5_3 B_6_2 B_6_5; O3:B_1_4 B_3_3 B_3_5; P1:B_1_1 B_1_3 B_2_1; P2:B_2_3 B_2_5,O1:4.000/4.500; O2:4.398/4.500; O3:4.073/4.500; P1:4.500/4.500; P2:4.000/4.500,0.9320696323787587,1.0
CRACK05,VDF,1844.2619442862506,True,18,14,4,12,B_1_1 B_1_3 B_1_5 B_2_1 B_2_3 B_2_5 B_3_1 B_4_1 B_4_4 B_4_5 B_5_1 B_5_3 B_5_5 B_6_1,B_1_4 B_3_3 B_6_2 B_6_5,O1:B_1_1 B_1_3 B_2_1 B_2_3 B_2_5 B_3_1; O2:B_4_4 B_4_5 B_5_1 B_5_5 B_6_1; O3:B_1_5 B_4_1 B_5_3; P1:B_6_2 B_6_5; P2:B_1_4 B_3_3,O1:4.000/4.500; O2:4.286/4.500; O3:3.758/4.500; P1:3.000/4.500; P2:4.452/4.500,0.8664469482671855,0.9892759784447231
CRACK05,MG,2043.2619442862506,True,17,14,3,13,B_1_1 B_1_3 B_2_1 B_2_3 B_2_5 B_3_1 B_4_1 B_4_4 B_4_5 B_5_1 B_5_5 B_6_1 B_6_2 B_6_5,B_1_4 B_1_5 B_2_4,O1:B_1_1 B_1_3 B_2_1 B_2_3 B_2_5 B_3_1; O2:B_4_4 B_4_5 B_5_1 B_5_5 B_6_1; O3:B_4_1 B_6_2 B_6_5; P1:B_1_4 B_1_5; P2:B_2_4,O1:4.000/4.500; O2:4.286/4.500; O3:3.627/4.500; P1:3.166/4.500; P2:2.717/4.500,0.7909209383005342,0.9523809523809523
CRACK05,MG-LS,2199.2619442862506,True,18,14,4,12,B_1_1 B_2_1 B_2_3 B_2_4 B_2_5 B_3_1 B_4_1 B_4_4 B_4_5 B_5_1 B_5_5 B_6_1 B_6_2 B_6_5,B_1_2 B_1_3 B_1_4 B_1_5,O1:B_1_1 B_2_1 B_2_3 B_2_4 B_2_5 B_3_1; O2:B_4_4 B_4_5 B_5_1 B_5_5 B_6_1; O3:B_4_1 B_6_2 B_6_5; P1:B_1_4 B_1_5; P2:B_1_2 B_1_3,O1:4.239/4.500; O2:4.286/4.500; O3:3.627/4.500; P1:3.166/4.500; P2:4.340/4.500,0.8736734903280645,0.9643796803297887
CRACK06,VF,1935.2234054107876,True,18,13,5,12,B_1_2 B_1_4 B_1_5 B_3_1 B_3_3 B_3_5 B_4_4 B_4_5 B_5_1 B_5_3 B_5_5 B_6_1 B_6_5,B_1_1 B_1_3 B_2_1 B_2_3 B_2_5,O1:B_3_1 B_4_4 B_4_5 B_5_1 B_5_5 B_6_1; O2:B_1_4 B_1_5 B_5_3 B_6_5; O3:B_1_2 B_3_3 B_3_5; P1:B_1_1 B_1_3 B_2_1; P2:B_2_3 B_2_5,O1:4.000/4.500; O2:3.586/4.500; O3:4.241/4.500; P1:4.500/4.500; P2:4.000/4.500,0.9034302520567922,1.0
CRACK06,VDF,1771.2234054107878,True,17,14,3,13,B_1_1 B_1_3 B_1_4 B_2_1 B_2_3 B_2_5 B_3_1 B_3_3 B_4_4 B_4_5 B_5_1 B_5_3 B_5_5 B_6_1,B_1_5 B_3_5 B_6_5,O1:B_1_1 B_1_3 B_2_1 B_2_3 B_2_5 B_3_1; O2:B_4_4 B_4_5 B_5_1 B_5_5 B_6_1; O3:B_1_4 B_3_3 B_5_3; P1:B_1_5 B_6_5; P2:B_3_5,O1:4.000/4.500; O2:4.286/4.500; O3:3.968/4.500; P1:3.076/4.500; P2:2.360/4.500,0.7861824223554855,0.9523809523809523
CRACK06,MG,1891.2234054107876,True,17,14,3,13,B_1_1 B_1_3 B_1_5 B_2_1 B_2_3 B_2_5 B_3_1 B_4_4 B_4_5 B_5_1 B_5_3 B_5_5 B_6_1 B_6_5,B_1_4 B_2_4 B_3_4,O1:B_1_1 B_1_3 B_2_1 B_2_3 B_2_5 B_3_1; O2:B_4_4 B_4_5 B_5_1 B_5_5 B_6_1; O3:B_1_5 B_5_3 B_6_5; P1:B_1_4 B_2_4; P2:B_3_4,O1:4.000/4.500; O2:4.286/4.500; O3:3.739/4.500; P1:3.674/4.500; P2:3.481/4.500,0.8524575502078882,0.9523809523809523
CRACK06,MG-LS,2084.2234054107876,True,17,13,4,13,B_1_1 B_1_5 B_2_1 B_2_5 B_3_1 B_3_4 B_4_4 B_4_5 B_5_1 B_5_3 B_5_5 B_6_1 B_6_5,B_1_3 B_1_4 B_2_3 B_2_4,O1:B_1_1 B_2_1 B_2_5 B_3_1 B_3_4; O2:B_4_4 B_4_5 B_5_1 B_5_5 B_6_1; O3:B_1_5 B_5_3 B_6_5; P1:B_1_4 B_2_4; P2:B_1_3 B_2_3,O1:3.827/4.500; O2:4.286/4.500; O3:3.739/4.500; P1:3.674/4.500; P2:4.000/4.500,0.8678292719640204,0.9523809523809523
DEVICE01,VF,1675.642951667583,True,8,6,2,22,B_2_1 B_2_3 B_2_5 B_3_1 B_3_5 B_4_1,B_1_1 B_1_3,O1:B_2_1 B_2_3 B_2_5; O2:B_3_1 B_3_5; O3:B_4_1; P1:B_1_1; P2:B_1_3,O1:4.000/4.500; O2:3.429/4.500; O3:2.400/4.500; P1:3.000/4.500; P2:4.000/4.500,0.7479365079365079,0.8888888888888888
DEVICE01,VDF,1760.642951667583,True,8,6,2,22,B_1_1 B_1_3 B_2_1 B_2_3 B_2_5 B_3_5,B_3_1 B_4_1,O1:B_1_1 B_1_3 B_2_1; O2:B_2_3 B_2_5; O3:B_3_5; P1:B_3_1; P2:B_4_1,O1:4.000/4.500; O2:3.429/4.500; O3:2.400/4.500; P1:3.000/4.500; P2:4.000/4.500,0.7479365079365079,0.8888888888888888
DEVICE01,MG,1785.642951667583,True,8,6,2,22,B_1_1 B_1_3 B_2_1 B_2_3 B_2_5 B_3_1,B_5_1 B_6_1,O1:B_1_1 B_1_3 B_2_1; O2:B_2_3 B_2_5; O3:B_3_1; P1:B_6_1; P2:B_5_1,O1:4.000/4.500; O2:3.429/4.500; O3:2.400/4.500; P1:3.000/4.500; P2:4.000/4.500,0.7479365079365079,0.8888888888888888
DEVICE01,MG-LS,1785.642951667583,True,8,6,2,22,B_1_1 B_1_3 B_2_1 B_2_3 B_2_5 B_3_1,B_5_1 B_6_1,O1:B_1_1 B_1_3 B_2_1; O2:B_2_3 B_2_5; O3:B_3_1; P1:B_6_1; P2:B_5_1,O1:4.000/4.500; O2:3.429/4.500; O3:2.400/4.500; P1:3.000/4.500; P2:4.000/4.500,0.7479365079365079,0.8888888888888888
DEVICE02,VF,1998.642951667583,True,13,10,3,17,B_2_3 B_2_5 B_3_1 B_3_5 B_4_1 B_4_4 B_4_5 B_5_1 B_5_3 B_5_4,B_1_1 B_1_3 B_2_1,O1:B_2_3 B_2_5 B_3_1 B_3_5 B_4_1; O2:B_4_4 B_4_5 B_5_1; O3:B_5_3 B_5_4; P1:B_1_1 B_1_3; P2:B_2_1,O1:4.444/4.500; O2:3.429/4.500; O3:3.200/4.500; P1:4.000/4.500; P2:2.667/4.500,0.7884303350970018,0.9876543209876544
DEVICE02,VDF,2033.642951667583,True,13,10,3,17,B_1_1 B_1_3 B_2_1 B_2_3 B_2_5 B_3_1 B_3_5 B_4_1 B_5_1 B_5_3,B_4_4 B_4_5 B_5_4,O1:B_1_1 B_1_3 B_2_1 B_2_3 B_2_5; O2:B_3_1 B_3_5 B_4_1; O3:B_5_1 B_5_3; P1:B_4_4 B_4_5; P2:B_5_4,O1:4.444/4.500; O2:3.429/4.500; O3:3.200/4.500; P1:4.000/4.500; P2:2.667/4.500,0.7884303350970018,0.9876543209876544
DEVICE02,MG,2108.642951667583,True,13,10,3,17,B_1_1 B_1_3 B_2_1 B_2_3 B_2_5 B_3_1 B_3_5 B_4_1 B_4_4 B_4_5,B_5_1 B_6_1 B_6_2,O1:B_1_1 B_1_3 B_2_1 B_2_3 B_2_5; O2:B_3_1 B_3_5 B_4_1; O3:B_4_4 B_4_5; P1:B_5_1 B_6_1; P2:B_6_2,O1:4.444/4.500; O2:3.429/4.500; O3:3.200/4.500; P1:4.000/4.500; P2:2.667/4.500,0.7884303350970018,0.9876543209876544
DEVICE02,MG-LS,2108.642951667583,True,13,10,3,17,B_1_1 B_1_3 B_2_1 B_2_3 B_2_5 B_3_1 B_3_5 B_4_1 B_4_4 B_4_5,B_5_1 B_6_1 B_6_2,O1:B_1_1 B_1_3 B_2_1 B_2_3 B_2_5; O2:B_3_1 B_3_5 B_4_1; O3:B_4_4 B_4_5; P1:B_5_1 B_6_1; P2:B_6_2,O1:4.444/4.500; O2:3.429/4.500; O3:3.200/4.500; P1:4.000/4.500; P2:2.667/4.500,0.7884303350970018,0.9876543209876544
DEVICE03,VF,2317.642951667583,True,19,14,5,11,B_3_1 B_3_5 B_4_1 B_4_4 B_4_5 B_5_1 B_5_3 B_5_4 B_5_5 B_6_1 B_6_2 B_6_3 B_6_4 B_6_5,B_1_1 B_1_3 B_2_1 B_2_3 B_2_5,O1:B_3_1 B_3_5 B_4_1 B_4_4 B_4_5 B_5_1; O2:B_5_3 B_5_4 B_5_5 B_6_1 B_6_2; O3:B_6_3 B_6_4 B_6_5; P1:B_1_1 B_1_3 B_2_1; P2:B_2_3 B_2_5,O1:4.000/4.500; O2:4.286/4.500; O3:3.600/4.500; P1:4.500/4.500; P2:4.000/4.500,0.906031746031746,1.0
DEVICE03,VDF,2622.642951667583,True,19,14,5,11,B_1_1 B_1_3 B_2_1 B_2_3 B_2_5 B_3_1 B_3_5 B_4_1 B_4_4 B_4_5 B_5_1 B_6_1 B_6_2 B_6_3,B_5_3 B_5_4 B_5_5 B_6_4 B_6_5,O1:B_1_1 B_1_3 B_2_1 B_2_3 B_2_5 B_3_1; O2:B_3_5 B_4_1 B_4_4 B_4_5 B_5_1; O3:B_6_1 B_6_2 B_6_3; P1:B_5_3 B_5_4 B_5_5; P2:B_6_4 B_6_5,O1:4.000/4.500; O2:4.286/4.500; O3:3.600/4.500; P1:4.500/4.500; P2:4.000/4.500,0.906031746031746,1.0
DEVICE03,MG,2587.642951667583,True,19,14,5,11,B_1_1 B_1_3 B_2_1 B_2_3 B_2_5 B_3_1 B_3_5 B_4_1 B_4_4 B_4_5 B_5_1 B_5_3 B_5_4 B_5_5,B_6_1 B_6_2 B_6_3 B_6_4 B_6_5,O1:B_1_1 B_1_3 B_2_1 B_2_3 B_2_5 B_3_1; O2:B_3_5 B_4_1 B_4_4 B_4_5 B_5_1; O3:B_5_3 B_5_4 B_5_5; P1:B_6_1 B_6_2 B_6_3; P2:B_6_4 B_6_5,O1:4.000/4.500; O2:4.286/4.500; O3:3.600/4.500; P1:4.500/4.500; P2:4.000/4.500,0.906031746031746,1.0
DEVICE03,MG-LS,2587.642951667583,True,19,14,5,11,B_1_1 B_1_3 B_2_1 B_2_3 B_2_5 B_3_1 B_3_5 B_4_1 B_4_4 B_4_5 B_5_1 B_5_3 B_5_4 B_5_5,B_6_1 B_6_2 B_6_3 B_6_4 B_6_5,O1:B_1_1 B_1_3 B_2_1 B_2_3 B_2_5 B_3_1; O2:B_3_5 B_4_1 B_4_4 B_4_5 B_5_1; O3:B_5_3 B_5_4 B_5_5; P1:B_6_1 B_6_2 B_6_3; P2:B_6_4 B_6_5,O1:4.000/4.500; O2:4.286/4.500; O3:3.600/4.500; P1:4.500/4.500; P2:4.000/4.500,0.906031746031746,1.0
DEVICE04,VF,2509.642951667583,True,23,18,5,7,B_1_2 B_1_4 B_1_5 B_3_1 B_3_3 B_3_5 B_4_1 B_4_4 B_4_5 B_5_1 B_5_3 B_5_4 B_5_5 B_6_1 B_6_2 B_6_3 B_6_4 B_6_5,B_1_1 B_1_3 B_2_1 B_2_3 B_2_5,O1:B_3_1 B_3_5 B_4_1 B_4_4 B_4_5 B_5_1 B_5_3 B_5_4; O2:B_5_5 B_6_1 B_6_2 B_6_3 B_6_4 B_6_5; O3:B_1_2 B_1_4 B_1_5 B_3_3; P1:B_1_1 B_1_3 B_2_1; P2:B_2_3 B_2_5,O1:4.267/4.500; O2:4.114/4.500; O3:4.115/4.500; P1:3.600/4.500; P2:3.200/4.500,0.857576168252616,0.9481481481481482
DEVICE04,VDF,2534.642951667583,True,23,18,5,7,B_1_1 B_1_3 B_1_5 B_2_1 B_2_3 B_2_5 B_3_1 B_3_3 B_3_5 B_4_1 B_4_4 B_4_5 B_5_1 B_5_3 B_5_4 B_5_5 B_6_4 B_6_5,B_1_2 B_1_4 B_6_1 B_6_2 B_6_3,O1:B_1_1 B_1_3 B_2_1 B_2_3 B_2_5 B_3_1 B_3_5 B_4_1; O2:B_4_4 B_4_5 B_5_1 B_5_3 B_5_4 B_5_5; O3:B_1_5 B_3_3 B_6_4 B_6_5; P1:B_6_1 B_6_2 B_6_3; P2:B_1_2 B_1_4,O1:4.267/4.500; O2:4.114/4.500; O3:3.928/4.500; P1:3.600/4.500; P2:3.511/4.500,0.8631050721684547,0.9481481481481482
DEVICE04,MG,2619.642951667583,True,23,18,5,7,B_1_1 B_1_3 B_2_1 B_2_3 B_2_5 B_3_1 B_3_5 B_4_1 B_4_4 B_4_5 B_5_1 B_5_3 B_5_4 B_5_5 B_6_1 B_6_2 B_6_3 B_6_4,B_1_4 B_1_5 B_2_4 B_3_4 B_6_5,O1:B_1_1 B_1_3 B_2_1 B_2_3 B_2_5 B_3_1 B_3_5 B_4_1; O2:B_4_4 B_4_5 B_5_1 B_5_3 B_5_4 B_5_5; O3:B_6_1 B_6_2 B_6_3 B_6_4; P1:B_1_4 B_1_5 B_6_5; P2:B_2_4 B_3_4,O1:4.267/4.500; O2:4.114/4.500; O3:3.840/4.500; P1:3.711/4.500; P2:4.072/4.500,0.8890713525998656,0.9481481481481482
DEVICE04,MG-LS,2839.642951667583,True,23,18,5,7,B_1_1 B_2_1 B_2_3 B_3_1 B_3_4 B_3_5 B_4_1 B_4_4 B_4_5 B_5_1 B_5_3 B_5_4 B_5_5 B_6_1 B_6_2 B_6_3 B_6_4 B_6_5,B_1_3 B_1_4 B_1_5 B_2_4 B_2_5,O1:B_1_1 B_2_1 B_2_3 B_3_1 B_3_4 B_3_5 B_4_1 B_6_5; O2:B_4_4 B_4_5 B_5_1 B_5_3 B_5_4 B_5_5; O3:B_6_1 B_6_2 B_6_3 B_6_4; P1:B_1_4 B_1_5 B_2_5; P2:B_1_3 B_2_4,O1:4.398/4.500; O2:4.114/4.500; O3:3.840/4.500; P1:3.711/4.500; P2:3.678/4.500,0.8773844401978806,0.9773654291531102
DEVICE05,VF,2915.642951667583,True,28,21,7,2,B_1_2 B_1_4 B_1_5 B_2_4 B_3_3 B_3_4 B_4_1 B_4_2 B_4_3 B_4_4 B_4_5 B_5_1 B_5_2 B_5_3 B_5_4 B_5_5 B_6_1 B_6_2 B_6_3 B_6_4 B_6_5,B_1_1 B_1_3 B_2_1 B_2_3 B_2_5 B_3_1 B_3_5,O1:B_4_1 B_4_4 B_4_5 B_5_1 B_5_3 B_5_4 B_5_5 B_6_1 B_6_2 B_6_3; O2:B_1_2 B_1_4 B_1_5 B_3_3 B_4_3 B_6_4 B_6_5; O3:B_2_4 B_3_4 B_4_2 B_5_2; P1:B_1_1 B_1_3 B_2_1 B_2_3; P2:B_2_5 B_3_1 B_3_5,O1:4.444/4.500; O2:4.299/4.500; O3:4.106/4.500; P1:4.000/4.500; P2:4.000/4.500,0.9266503722477587,0.9876543209876546
DEVICE05,VDF,2759.642951667583,True,27,21,6,3,B_1_1 B_1_2 B_1_3 B_1_4 B_2_1 B_2_3 B_2_5 B_3_1 B_3_5 B_4_1 B_4_3 B_4_4 B_4_5 B_5_1 B_5_2 B_5_3 B_5_4 B_5_5 B_6_1 B_6_2 B_6_3,B_1_5 B_2_4 B_3_3 B_3_4 B_6_4 B_6_5,O1:B_1_1 B_1_3 B_2_1 B_2_3 B_2_5 B_3_1 B_3_5 B_4_1 B_4_4 B_4_5; O2:B_5_1 B_5_3 B_5_4 B_5_5 B_6_1 B_6_2 B_6_3; O3:B_1_2 B_1_4 B_4_3 B_5_2; P1:B_1_5 B_3_3 B_6_4 B_6_5; P2:B_2_4 B_3_4,O1:4.444/4.500; O2:4.000/4.500; O3:3.739/4.500; P1:4.092/4.500; P2:3.394/4.500,0.8741738177676022,0.9876543209876546
DEVICE05,MG,2821.642951667583,True,27,22,5,3,B_1_1 B_1_3 B_1_4 B_1_5 B_2_1 B_2_3 B_2_5 B_3_1 B_3_3 B_3_5 B_4_1 B_4_4 B_4_5 B_5_1 B_5_3 B_5_4 B_5_5 B_6_1 B_6_2 B_6_3 B_6_4 B_6_5,B_1_2 B_2_2 B_3_2 B_4_2 B_4_3,O1:B_1_1 B_1_3 B_2_1 B_2_3 B_2_5 B_3_1 B_3_5 B_4_1 B_4_4 B_4_5; O2:B_5_1 B_5_3 B_5_4 B_5_5 B_6_1 B_6_2 B_6_3; O3:B_1_4 B_1_5 B_3_3 B_6_4 B_6_5; P1:B_1_2 B_2_2 B_3_2; P2:B_4_2 B_4_3,O1:4.444/4.500; O2:4.000/4.500; O3:4.116/4.500; P1:3.843/4.500; P2:3.444/4.500,0.8820819511691351,0.9876543209876546
DEVICE05,MG-LS,2906.642951667583,True,27,22,5,3,B_1_1 B_1_2 B_1_3 B_1_4 B_1_5 B_2_1 B_2_3 B_2_5 B_3_1 B_3_5 B_4_1 B_4_4 B_4_5 B_5_1 B_5_3 B_5_4 B_5_5 B_6_1 B_6_2 B_6_3 B_6_4 B_6_5,B_2_2 B_3_2 B_3_3 B_4_2 B_4_3,O1:B_1_1 B_1_3 B_2_1 B_2_3 B_2_5 B_3_1 B_3_5 B_4_1 B_4_4 B_4_5; O2:B_5_1 B_5_3 B_5_4 B_5_5 B_6_1 B_6_2 B_6_3; O3:B_1_2 B_1_4 B_1_5 B_6_4 B_6_5; P1:B_2_2 B_3_2 B_3_3; P2:B_4_2 B_4_3,O1:4.444/4.500; O2:4.000/4.500; O3:4.187/4.500; P1:3.754/4.500; P2:3.444/4.500,0.8812855591418558,0.9876543209876546
DEVICE06,VF,3094.642951667583,True,30,22,8,0,B_1_2 B_1_4 B_1_5 B_2_2 B_2_4 B_3_2 B_3_3 B_3_4 B_4_2 B_4_3 B_4_4 B_4_5 B_5_1 B_5_2 B_5_3 B_5_4 B_5_5 B_6_1 B_6_2 B_6_3 B_6_4 B_6_5,B_1_1 B_1_3 B_2_1 B_2_3 B_2_5 B_3_1 B_3_5 B_4_1,O1:B_4_4 B_4_5 B_5_1 B_5_3 B_5_4 B_5_5 B_6_1 B_6_2 B_6_3 B_6_4 B_6_5; O2:B_1_2 B_1_4 B_1_5 B_3_3 B_3_4 B_4_3 B_5_2; O3:B_2_2 B_2_4 B_3_2 B_4_2; P1:B_1_1 B_1_3 B_2_1 B_2_3 B_2_5; P2:B_3_1 B_3_5 B_4_1,O1:4.190/4.500; O2:3.924/4.500; O3:3.665/4.500; P1:4.286/4.500; P2:3.429/4.500,0.8664255391199687,0.9523809523809523
DEVICE06,VDF,2770.642951667583,True,30,25,5,0,B_1_1 B_1_3 B_1_5 B_2_1 B_2_2 B_2_3 B_2_4 B_2_5 B_3_1 B_3_4 B_3_5 B_4_1 B_4_2 B_4_4 B_4_5 B_5_1 B_5_2 B_5_3 B_5_4 B_5_5 B_6_1 B_6_2 B_6_3 B_6_4 B_6_5,B_1_2 B_1_4 B_3_2 B_3_3 B_4_3,O1:B_1_1 B_1_3 B_2_1 B_2_3 B_2_5 B_3_1 B_3_5 B_4_1 B_4_4 B_4_5 B_5_1; O2:B_1_5 B_5_3 B_5_4 B_5_5 B_6_1 B_6_2 B_6_3 B_6_4 B_6_5; O3:B_2_2 B_2_4 B_3_4 B_4_2 B_5_2; P1:B_1_2 B_1_4 B_3_3 B_4_3; P2:B_3_2,O1:4.190/4.500; O2:4.428/4.500; O3:4.443/4.500; P1:3.843/4.500; P2:1.548/4.500,0.8201097897412468,0.9874210579748852
DEVICE06,MG,2520.642951667583,True,25,25,0,5,B_1_1 B_1_2 B_1_3 B_1_4 B_1_5 B_2_1 B_2_3 B_2_5 B_3_1 B_3_3 B_3_5 B_4_1 B_4_3 B_4_4 B_4_5 B_5_1 B_5_2 B_5_3 B_5_4 B_5_5 B_6_1 B_6_2 B_6_3 B_6_4 B_6_5,,O1:B_1_1 B_1_3 B_2_1 B_2_3 B_2_5 B_3_1 B_3_5 B_4_1 B_4_4 B_4_5 B_5_1; O2:B_1_5 B_5_3 B_5_4 B_5_5 B_6_1 B_6_2 B_6_3 B_6_4 B_6_5; O3:B_1_2 B_1_4 B_3_3 B_4_3 B_5_2,O1:4.190/4.500; O2:4.428/4.500; O3:3.927/4.500; P1:0.000/4.500; P2:0.000/4.500,0.557536504107887,0.9839045138236341
DEVICE06,MG-LS,2520.642951667583,True,25,25,0,5,B_1_1 B_1_2 B_1_3 B_1_4 B_1_5 B_2_1 B_2_3 B_2_5 B_3_1 B_3_3 B_3_5 B_4_1 B_4_3 B_4_4 B_4_5 B_5_1 B_5_2 B_5_3 B_5_4 B_5_5 B_6_1 B_6_2 B_6_3 B_6_4 B_6_5,,O1:B_1_1 B_1_3 B_2_1 B_2_3 B_2_5 B_3_1 B_3_5 B_4_1 B_4_4 B_4_5 B_5_1; O2:B_1_5 B_5_3 B_5_4 B_5_5 B_6_1 B_6_2 B_6_3 B_6_4 B_6_5; O3:B_1_2 B_1_4 B_3_3 B_4_3 B_5_2,O1:4.190/4.500; O2:4.428/4.500; O3:3.927/4.500; P1:0.000/4.500; P2:0.000/4.500,0.557536504107887,0.9839045138236341
SCALE01,VF,1295.633062819361,True,12,7,5,0,B_1_1 B_1_3 B_2_1 B_2_2 B_2_3 B_3_1 B_3_2,B_1_2 B_3_3 B_4_1 B_4_2 B_4_3,O1:B_1_1 B_1_3 B_2_2 B_2_3 B_3_1; O2:B_2_1 B_3_2; P1:B_1_2 B_3_3 B_4_1; P2:B_4_2 B_4_3,O1:3.932/4.500; O2:2.244/4.500; O3:0.000/4.500; P1:4.500/4.500; P2:4.085/4.500,0.6560186043065845,1.0
SCALE01,VDF,971.6330628193609,True,12,10,2,0,B_1_1 B_1_2 B_1_3 B_2_2 B_2_3 B_3_1 B_3_3 B_4_1 B_4_2 B_4_3,B_2_1 B_3_2,O1:B_1_2 B_2_3 B_3_3 B_4_1 B_4_2 B_4_3; O2:B_1_1 B_1_3 B_2_2 B_3_1; P1:B_2_1 B_3_2,O1:4.111/4.500; O2:4.092/4.500; O3:0.000/4.500; P1:3.927/4.500; P2:0.000/4.500,0.539086779240473,0.9135462288646747
SCALE01,MG,1050.633062819361,True,12,12,0,0,B_1_1 B_1_2 B_1_3 B_2_1 B_2_2 B_2_3 B_3_1 B_3_2 B_3_3 B_4_1 B_4_2 B_4_3,,O1:B_1_2 B_2_3 B_3_3 B_4_1 B_4_2 B_4_3; O2:B_1_1 B_1_3 B_2_2 B_3_1; O3:B_2_1 B_3_2,O1:4.111/4.500; O2:4.092/4.500; O3:3.142/4.500; P1:0.000/4.500; P2:0.000/4.500,0.5041805338454649,0.9135462288646747
SCALE01,MG-LS,1382.633062819361,True,12,8,4,0,B_1_1 B_2_1 B_3_1 B_3_2 B_3_3 B_4_1 B_4_2 B_4_3,B_1_2 B_1_3 B_2_2 B_2_3,O1:B_1_1 B_3_3 B_4_1 B_4_2 B_4_3; O2:B_3_1; O3:B_2_1 B_3_2; P1:B_2_2 B_2_3; P2:B_1_2 B_1_3,O1:3.502/4.500; O2:1.042/4.500; O3:3.142/4.500; P1:3.469/4.500; P2:4.320/4.500,0.6876981126137893,0.9599830304922443
SCALE02,VF,1860.649888196076,True,17,12,5,3,B_1_1 B_1_2 B_1_3 B_1_4 B_2_3 B_3_3 B_4_3 B_4_4 B_5_1 B_5_2 B_5_3 B_5_4,B_2_1 B_2_4 B_3_1 B_3_4 B_4_1,O1:B_1_3 B_4_4 B_5_1 B_5_2 B_5_3 B_5_4; O2:B_1_1 B_1_2 B_1_4 B_4_3; O3:B_2_3 B_3_3; P1:B_2_1 B_2_4 B_3_1; P2:B_3_4 B_4_1,O1:4.011/4.500; O2:3.717/4.500; O3:3.110/4.500; P1:4.500/4.500; P2:4.000/4.500,0.8594700846001633,1.0
SCALE02,VDF,1669.6498881960763,True,17,14,3,3,B_1_2 B_1_3 B_1_4 B_2_1 B_2_3 B_2_4 B_3_1 B_3_4 B_4_1 B_4_4 B_5_1 B_5_2 B_5_3 B_5_4,B_1_1 B_3_3 B_4_3,O1:B_2_1 B_2_4 B_3_1 B_3_4 B_4_1 B_4_4; O2:B_1_3 B_5_1 B_5_2 B_5_3 B_5_4; O3:B_1_2 B_1_4 B_2_3; P1:B_1_1 B_4_3; P2:B_3_3,O1:4.000/4.500; O2:4.300/4.500; O3:4.257/4.500; P1:3.126/4.500; P2:2.593/4.500,0.8122798501225696,0.9554907933915364
SCALE02,MG,1754.6498881960763,True,17,14,3,3,B_1_1 B_1_3 B_1_4 B_2_1 B_2_4 B_3_1 B_3_4 B_4_1 B_4_3 B_4_4 B_5_1 B_5_2 B_5_3 B_5_4,B_1_2 B_2_2 B_2_3,O1:B_2_1 B_2_4 B_3_1 B_3_4 B_4_1 B_4_4; O2:B_1_3 B_5_1 B_5_2 B_5_3 B_5_4; O3:B_1_1 B_1_4 B_4_3; P1:B_1_2 B_2_2; P2:B_2_3,O1:4.000/4.500; O2:4.300/4.500; O3:3.838/4.500; P1:3.728/4.500; P2:2.590/4.500,0.8202532814591587,0.9554907933915364
SCALE02,MG-LS,2045.649888196076,True,18,14,4,2,B_1_3 B_1_4 B_2_3 B_2_4 B_3_1 B_3_2 B_3_4 B_4_1 B_4_3 B_4_4 B_5_1 B_5_2 B_5_3 B_5_4,B_1_1 B_1_2 B_2_1 B_2_2,O1:B_2_3 B_2_4 B_3_1 B_3_4 B_4_1 B_4_4; O2:B_1_3 B_5_1 B_5_2 B_5_3 B_5_4; O3:B_1_4 B_3_2 B_4_3; P1:B_1_2 B_2_2; P2:B_1_1 B_2_1,O1:4.197/4.500; O2:4.300/4.500; O3:4.211/4.500; P1:3.728/4.500; P2:4.076/4.500,0.9116210654891962,0.9554907933915364
SCALE03,VF,2317.642951667583,True,19,14,5,11,B_3_1 B_3_5 B_4_1 B_4_4 B_4_5 B_5_1 B_5_3 B_5_4 B_5_5 B_6_1 B_6_2 B_6_3 B_6_4 B_6_5,B_1_1 B_1_3 B_2_1 B_2_3 B_2_5,O1:B_3_1 B_3_5 B_4_1 B_4_4 B_4_5 B_5_1; O2:B_5_3 B_5_4 B_5_5 B_6_1 B_6_2; O3:B_6_3 B_6_4 B_6_5; P1:B_1_1 B_1_3 B_2_1; P2:B_2_3 B_2_5,O1:4.000/4.500; O2:4.286/4.500; O3:3.600/4.500; P1:4.500/4.500; P2:4.000/4.500,0.906031746031746,1.0
SCALE03,VDF,2622.642951667583,True,19,14,5,11,B_1_1 B_1_3 B_2_1 B_2_3 B_2_5 B_3_1 B_3_5 B_4_1 B_4_4 B_4_5 B_5_1 B_6_1 B_6_2 B_6_3,B_5_3 B_5_4 B_5_5 B_6_4 B_6_5,O1:B_1_1 B_1_3 B_2_1 B_2_3 B_2_5 B_3_1; O2:B_3_5 B_4_1 B_4_4 B_4_5 B_5_1; O3:B_6_1 B_6_2 B_6_3; P1:B_5_3 B_5_4 B_5_5; P2:B_6_4 B_6_5,O1:4.000/4.500; O2:4.286/4.500; O3:3.600/4.500; P1:4.500/4.500; P2:4.000/4.500,0.906031746031746,1.0
SCALE03,MG,2587.642951667583,True,19,14,5,11,B_1_1 B_1_3 B_2_1 B_2_3 B_2_5 B_3_1 B_3_5 B_4_1 B_4_4 B_4_5 B_5_1 B_5_3 B_5_4 B_5_5,B_6_1 B_6_2 B_6_3 B_6_4 B_6_5,O1:B_1_1 B_1_3 B_2_1 B_2_3 B_2_5 B_3_1; O2:B_3_5 B_4_1 B_4_4 B_4_5 B_5_1; O3:B_5_3 B_5_4 B_5_5; P1:B_6_1 B_6_2 B_6_3; P2:B_6_4 B_6_5,O1:4.000/4.500; O2:4.286/4.500; O3:3.600/4.500; P1:4.500/4.500; P2:4.000/4.500,0.906031746031746,1.0
SCALE03,MG-LS,2587.642951667583,True,19,14,5,11,B_1_1 B_1_3 B_2_1 B_2_3 B_2_5 B_3_1 B_3_5 B_4_1 B_4_4 B_4_5 B_5_1 B_5_3 B_5_4 B_5_5,B_6_1 B_6_2 B_6_3 B_6_4 B_6_5,O1:B_1_1 B_1_3 B_2_1 B_2_3 B_2_5 B_3_1; O2:B_3_5 B_4_1 B_4_4 B_4_5 B_5_1; O3:B_5_3 B_5_4 B_5_5; P1:B_6_1 B_6_2 B_6_3; P2:B_6_4 B_6_5,O1:4.000/4.500; O2:4.286/4.500; O3:3.600/4.500; P1:4.500/4.500; P2:4.000/4.500,0.906031746031746,1.0
SCALE04,VF,2533.2181608554865,True,19,14,5,16,B_3_1 B_3_3 B_3_5 B_4_1 B_4_5 B_5_1 B_5_4 B_5_5 B_6_1 B_6_3 B_6_4 B_6_5 B_7_1 B_7_2,B_1_1 B_1_3 B_2_1 B_2_3 B_2_5,O1:B_3_1 B_3_3 B_3_5 B_4_1 B_4_5 B_5_1; O2:B_5_4 B_5_5 B_6_1 B_6_3 B_6_4; O3:B_6_5 B_7_1 B_7_2; P1:B_1_1 B_1_3 B_2_1; P2:B_2_3 B_2_5,O1:4.000/4.500; O2:4.286/4.500; O3:3.600/4.500; P1:4.500/4.500; P2:4.000/4.500,0.906031746031746,1.0
SCALE04,VDF,2643.2181608554865,True,19,14,5,16,B_1_1 B_1_3 B_2_1 B_2_3 B_2_5 B_3_1 B_3_3 B_3_5 B_4_1 B_4_5 B_5_1 B_6_3 B_6_4 B_6_5,B_5_4 B_5_5 B_6_1 B_7_1 B_7_2,O1:B_1_1 B_1_3 B_2_1 B_2_3 B_2_5 B_3_1; O2:B_3_3 B_3_5 B_4_1 B_4_5 B_5_1; O3:B_6_3 B_6_4 B_6_5; P1:B_5_4 B_5_5 B_6_1; P2:B_7_1 B_7_2,O1:4.000/4.500; O2:4.286/4.500; O3:3.600/4.500; P1:4.500/4.500; P2:4.000/4.500,0.906031746031746,1.0
SCALE04,MG,2803.2181608554865,True,19,14,5,16,B_1_1 B_1_3 B_2_1 B_2_3 B_2_5 B_3_1 B_3_3 B_3_5 B_4_1 B_4_5 B_5_1 B_5_4 B_5_5 B_6_1,B_7_1 B_7_2 B_7_3 B_7_4 B_7_5,O1:B_1_1 B_1_3 B_2_1 B_2_3 B_2_5 B_3_1; O2:B_3_3 B_3_5 B_4_1 B_4_5 B_5_1; O3:B_5_4 B_5_5 B_6_1; P1:B_7_1 B_7_2 B_7_3; P2:B_7_4 B_7_5,O1:4.000/4.500; O2:4.286/4.500; O3:3.600/4.500; P1:4.500/4.500; P2:4.000/4.500,0.906031746031746,1.0
SCALE04,MG-LS,2803.2181608554865,True,19,14,5,16,B_1_1 B_1_3 B_2_1 B_2_3 B_2_5 B_3_1 B_3_3 B_3_5 B_4_1 B_4_5 B_5_1 B_5_4 B_5_5 B_6_1,B_7_1 B_7_2 B_7_3 B_7_4 B_7_5,O1:B_1_1 B_1_3 B_2_1 B_2_3 B_2_5 B_3_1; O2:B_3_3 B_3_5 B_4_1 B_4_5 B_5_1; O3:B_5_4 B_5_5 B_6_1; P1:B_7_1 B_7_2 B_7_3; P2:B_7_4 B_7_5,O1:4.000/4.500; O2:4.286/4.500; O3:3.600/4.500; P1:4.500/4.500; P2:4.000/4.500,0.906031746031746,1.0
SCALE05,VF,3196.266125638722,True,19,14,5,29,B_2_3 B_2_4 B_2_6 B_3_1 B_3_3 B_3_6 B_4_1 B_4_5 B_4_6 B_5_1 B_5_5 B_5_6 B_6_1 B_6_5,B_1_1 B_1_3 B_1_4 B_1_6 B_2_1,O1:B_2_3 B_2_4 B_2_6 B_3_1 B_3_3 B_3_6; O2:B_4_1 B_4_5 B_4_6 B_5_1 B_5_5; O3:B_5_6 B_6_1 B_6_5; P1:B_1_1 B_1_3 B_1_4; P2:B_1_6 B_2_1,O1:4.000/4.500; O2:4.286/4.500; O3:3.600/4.500; P1:4.500/4.500; P2:4.000/4.500,0.906031746031746,1.0
SCALE05,VDF,2986.266125638722,True,19,14,5,29,B_1_1 B_1_3 B_1_4 B_1_6 B_2_1 B_2_3 B_2_4 B_2_6 B_3_1 B_3_3 B_3_6 B_5_1 B_5_5 B_5_6,B_4_1 B_4_5 B_4_6 B_6_1 B_6_5,O1:B_1_1 B_1_3 B_1_4 B_1_6 B_2_1 B_2_3; O2:B_2_4 B_2_6 B_3_1 B_3_3 B_3_6; O3:B_5_1 B_5_5 B_5_6; P1:B_4_1 B_4_5 B_4_6; P2:B_6_1 B_6_5,O1:4.000/4.500; O2:4.286/4.500; O3:3.600/4.500; P1:4.500/4.500; P2:4.000/4.500,0.906031746031746,1.0
SCALE05,MG,3391.266125638722,True,19,14,5,29,B_1_1 B_1_3 B_1_4 B_1_6 B_2_1 B_2_3 B_2_4 B_2_6 B_3_1 B_3_3 B_3_6 B_4_1 B_4_5 B_4_6,B_5_1 B_6_1 B_7_1 B_8_1 B_8_2,O1:B_1_1 B_1_3 B_1_4 B_1_6 B_2_1 B_2_3; O2:B_2_4 B_2_6 B_3_1 B_3_3 B_3_6; O3:B_4_1 B_4_5 B_4_6; P1:B_6_1 B_7_1 B_8_1; P2:B_5_1 B_8_2,O1:4.000/4.500; O2:4.286/4.500; O3:3.600/4.500; P1:4.500/4.500; P2:4.000/4.500,0.906031746031746,1.0
SCALE05,MG-LS,3476.266125638722,True,19,14,5,29,B_1_1 B_1_3 B_1_4 B_1_6 B_2_1 B_2_3 B_2_4 B_2_6 B_3_1 B_3_3 B_3_6 B_4_1 B_4_5 B_4_6,B_6_1 B_7_1 B_7_2 B_8_1 B_8_2,O1:B_1_1 B_1_3 B_1_4 B_1_6 B_2_1 B_2_3; O2:B_2_4 B_2_6 B_3_1 B_3_3 B_3_6; O3:B_4_1 B_4_5 B_4_6; P1:B_6_1 B_7_1 B_8_1; P2:B_7_2 B_8_2,O1:4.000/4.500; O2:4.286/4.500; O3:3.600/4.500; P1:4.500/4.500; P2:4.000/4.500,0.906031746031746,1.0
SCALE06,VF,3949.9875784665837,True,19,14,5,41,B_10_6 B_1_1 B_1_2 B_1_3 B_1_4 B_1_5 B_1_6 B_2_1 B_2_3 B_2_4 B_2_6 B_3_1 B_3_3 B_3_4,B_10_1 B_10_2 B_10_3 B_10_4 B_10_5,O1:B_10_6 B_1_1 B_1_2 B_1_3 B_1_4 B_1_5; O2:B_1_6 B_2_1 B_2_3 B_2_4 B_2_6; O3:B_3_1 B_3_3 B_3_4; P1:B_10_1 B_10_2 B_10_3; P2:B_10_4 B_10_5,O1:4.000/4.500; O2:4.286/4.500; O3:3.600/4.500; P1:4.500/4.500; P2:4.000/4.500,0.906031746031746,1.0
SCALE06,VDF,3654.9875784665833,True,19,14,5,41,B_10_1 B_10_2 B_10_3 B_10_4 B_10_5 B_10_6 B_1_1 B_1_2 B_1_3 B_1_4 B_1_5 B_2_4 B_2_6 B_3_1,B_1_6 B_2_1 B_2_3 B_3_3 B_3_4,O1:B_10_1 B_10_2 B_10_3 B_10_4 B_10_5 B_10_6; O2:B_1_1 B_1_2 B_1_3 B_1_4 B_1_5; O3:B_2_4 B_2_6 B_3_1; P1:B_1_6 B_2_1 B_2_3; P2:B_3_3 B_3_4,O1:4.000/4.500; O2:4.286/4.500; O3:3.600/4.500; P1:4.500/4.500; P2:4.000/4.500,0.906031746031746,1.0
SCALE06,MG,3924.9875784665837,True,19,14,5,41,B_10_1 B_10_2 B_10_3 B_10_4 B_10_5 B_10_6 B_1_1 B_1_2 B_1_3 B_1_4 B_1_5 B_1_6 B_2_1 B_2_3,B_2_6 B_3_6 B_4_6 B_5_6 B_6_6,O1:B_10_1 B_10_2 B_10_3 B_10_4 B_10_5 B_10_6; O2:B_1_1 B_1_2 B_1_3 B_1_4 B_1_5; O3:B_1_6 B_2_1 B_2_3; P1:B_2_6 B_3_6 B_4_6; P2:B_5_6 B_6_6,O1:4.000/4.500; O2:4.286/4.500; O3:3.600/4.500; P1:4.500/4.500; P2:4.000/4.500,0.906031746031746,1.0
SCALE06,MG-LS,3949.9875784665837,True,19,14,5,41,B_10_1 B_10_2 B_10_3 B_10_4 B_10_5 B_10_6 B_1_1 B_1_2 B_1_3 B_1_4 B_1_5 B_2_1 B_2_3 B_6_6,B_1_6 B_2_6 B_3_6 B_4_6 B_5_6,O1:B_10_1 B_10_2 B_10_3 B_10_4 B_10_5 B_10_6; O2:B_1_1 B_1_2 B_1_3 B_1_4 B_1_5; O3:B_2_1 B_2_3 B_6_6; P1:B_2_6 B_3_6 B_4_6; P2:B_1_6 B_5_6,O1:4.000/4.500; O2:4.286/4.500; O3:3.600/4.500; P1:4.500/4.500; P2:4.000/4.500,0.906031746031746,1.0
TIME01,VF,1723.642951667583,True,9,7,2,21,B_2_1 B_2_3 B_2_5 B_3_1 B_3_5 B_4_1 B_4_4,B_1_1 B_1_3,O1:B_2_1 B_2_3 B_2_5; O2:B_3_1 B_3_5; O3:B_4_1 B_4_4; P1:B_1_1; P2:B_1_3,O1:2.000/2.400; O2:1.714/2.400; O3:2.400/2.400; P1:1.500/2.400; P2:2.000/2.400,0.8011904761904761,1.0
TIME01,VDF,1673.642951667583,True,9,7,2,21,B_1_1 B_1_3 B_2_1 B_2_3 B_2_5 B_3_5 B_4_1,B_3_1 B_4_4,O1:B_1_1 B_1_3 B_2_1; O2:B_2_3 B_2_5; O3:B_3_5 B_4_1; P1:B_3_1; P2:B_4_4,O1:2.000/2.400; O2:1.714/2.400; O3:2.400/2.400; P1:1.500/2.400; P2:2.000/2.400,0.8011904761904761,1.0
TIME01,MG,1833.642951667583,True,9,7,2,21,B_1_1 B_1_3 B_2_1 B_2_3 B_2_5 B_3_1 B_3_5,B_5_1 B_6_1,O1:B_1_1 B_1_3 B_2_1; O2:B_2_3 B_2_5; O3:B_3_1 B_3_5; P1:B_6_1; P2:B_5_1,O1:2.000/2.400; O2:1.714/2.400; O3:2.400/2.400; P1:1.500/2.400; P2:2.000/2.400,0.8011904761904761,1.0
TIME01,MG-LS,1833.642951667583,True,9,7,2,21,B_1_1 B_1_3 B_2_1 B_2_3 B_2_5 B_3_1 B_3_5,B_5_1 B_6_1,O1:B_1_1 B_1_3 B_2_1; O2:B_2_3 B_2_5; O3:B_3_1 B_3_5; P1:B_6_1; P2:B_5_1,O1:2.000/2.400; O2:1.714/2.400; O3:2.400/2.400; P1:1.500/2.400; P2:2.000/2.400,0.8011904761904761,1.0
TIME02,VF,1950.642951667583,True,12,9,3,18,B_2_3 B_2_5 B_3_1 B_3_5 B_4_1 B_4_4 B_4_5 B_5_1 B_5_3,B_1_1 B_1_3 B_2_1,O1:B_2_3 B_2_5 B_3_1 B_3_5; O2:B_4_1 B_4_4 B_4_5; O3:B_5_1 B_5_3; P1:B_1_1 B_1_3; P2:B_2_1,O1:2.667/3.200; O2:2.571/3.200; O3:2.400/3.200; P1:3.000/3.200; P2:2.000/3.200,0.7898809523809524,0.9375
TIME02,VDF,1765.642951667583,True,12,9,3,18,B_1_1 B_1_3 B_2_1 B_2_3 B_2_5 B_3_1 B_3_5 B_4_5 B_5_1,B_4_1 B_4_4 B_5_3,O1:B_1_1 B_1_3 B_2_1 B_2_3; O2:B_2_5 B_3_1 B_3_5; O3:B_4_5 B_5_1; P1:B_4_1 B_4_4; P2:B_5_3,O1:2.667/3.200; O2:2.571/3.200; O3:2.400/3.200; P1:3.000/3.200; P2:2.000/3.200,0.7898809523809524,0.9375
TIME02,MG,2060.642951667583,True,12,9,3,18,B_1_1 B_1_3 B_2_1 B_2_3 B_2_5 B_3_1 B_3_5 B_4_1 B_4_4,B_5_1 B_6_1 B_6_2,O1:B_1_1 B_1_3 B_2_1 B_2_3; O2:B_2_5 B_3_1 B_3_5; O3:B_4_1 B_4_4; P1:B_5_1 B_6_1; P2:B_6_2,O1:2.667/3.200; O2:2.571/3.200; O3:2.400/3.200; P1:3.000/3.200; P2:2.000/3.200,0.7898809523809524,0.9375
TIME02,MG-LS,2060.642951667583,True,12,9,3,18,B_1_1 B_1_3 B_2_1 B_2_3 B_2_5 B_3_1 B_3_5 B_4_1 B_4_4,B_5_1 B_6_1 B_6_2,O1:B_1_1 B_1_3 B_2_1 B_2_3; O2:B_2_5 B_3_1 B_3_5; O3:B_4_1 B_4_4; P1:B_5_1 B_6_1; P2:B_6_2,O1:2.667/3.200; O2:2.571/3.200; O3:2.400/3.200; P1:3.000/3.200; P2:2.000/3.200,0.7898809523809524,0.9375
TIME03,VF,2248.642951667583,True,17,13,4,13,B_2_5 B_3_1 B_3_5 B_4_1 B_4_4 B_4_5 B_5_1 B_5_3 B_5_4 B_5_5 B_6_1 B_6_2 B_6_3,B_1_1 B_1_3 B_2_1 B_2_3,O1:B_2_5 B_3_1 B_3_5 B_4_1 B_4_4 B_4_5; O2:B_5_1 B_5_3 B_5_4 B_5_5; O3:B_6_1 B_6_2 B_6_3; P1:B_1_1 B_1_3; P2:B_2_1 B_2_3,O1:4.000/4.000; O2:3.429/4.000; O3:3.600/4.000; P1:3.000/4.000; P2:4.000/4.000,0.9014285714285715,1.0
TIME03,VDF,2223.642951667583,True,17,13,4,13,B_1_1 B_1_3 B_2_1 B_2_3 B_2_5 B_3_1 B_3_5 B_4_1 B_4_4 B_4_5 B_5_4 B_5_5 B_6_1,B_5_1 B_5_3 B_6_2 B_6_3,O1:B_1_1 B_1_3 B_2_1 B_2_3 B_2_5 B_3_1; O2:B_3_5 B_4_1 B_4_4 B_4_5; O3:B_5_4 B_5_5 B_6_1; P1:B_5_1 B_5_3; P2:B_6_2 B_6_3,O1:4.000/4.000; O2:3.429/4.000; O3:3.600/4.000; P1:3.000/4.000; P2:4.000/4.000,0.9014285714285715,1.0
TIME03,MG,2383.642951667583,True,17,13,4,13,B_1_1 B_1_3 B_2_1 B_2_3 B_2_5 B_3_1 B_3_5 B_4_1 B_4_4 B_4_5 B_5_1 B_5_3 B_5_4,B_6_1 B_6_2 B_6_3 B_6_4,O1:B_1_1 B_1_3 B_2_1 B_2_3 B_2_5 B_3_1; O2:B_3_5 B_4_1 B_4_4 B_4_5; O3:B_5_1 B_5_3 B_5_4; P1:B_6_1 B_6_2; P2:B_6_3 B_6_4,O1:4.000/4.000; O2:3.429/4.000; O3:3.600/4.000; P1:3.000/4.000; P2:4.000/4.000,0.9014285714285715,1.0
TIME03,MG-LS,2383.642951667583,True,17,13,4,13,B_1_1 B_1_3 B_2_1 B_2_3 B_2_5 B_3_1 B_3_5 B_4_1 B_4_4 B_4_5 B_5_1 B_5_3 B_5_4,B_6_1 B_6_2 B_6_3 B_6_4,O1:B_1_1 B_1_3 B_2_1 B_2_3 B_2_5 B_3_1; O2:B_3_5 B_4_1 B_4_4 B_4_5; O3:B_5_1 B_5_3 B_5_4; P1:B_6_1 B_6_2; P2:B_6_3 B_6_4,O1:4.000/4.000; O2:3.429/4.000; O3:3.600/4.000; P1:3.000/4.000; P2:4.000/4.000,0.9014285714285715,1.0
TIME04,VF,2365.642951667583,True,20,15,5,10,B_1_5 B_3_1 B_3_5 B_4_1 B_4_4 B_4_5 B_5_1 B_5_3 B_5_4 B_5_5 B_6_1 B_6_2 B_6_3 B_6_4 B_6_5,B_1_1 B_1_3 B_2_1 B_2_3 B_2_5,O1:B_3_1 B_3_5 B_4_1 B_4_4 B_4_5 B_5_1 B_5_3; O2:B_5_4 B_5_5 B_6_1 B_6_2 B_6_3; O3:B_1_5 B_6_4 B_6_5; P1:B_1_1 B_1_3 B_2_1; P2:B_2_3 B_2_5,O1:4.667/4.800; O2:4.286/4.800; O3:3.648/4.800; P1:4.500/4.800; P2:4.000/4.800,0.8791636757202715,0.9722222222222221
TIME04,VDF,2303.642951667583,True,21,16,5,9,B_1_1 B_1_3 B_2_1 B_2_3 B_2_5 B_3_1 B_3_5 B_4_1 B_4_4 B_4_5 B_5_1 B_5_3 B_6_2 B_6_3 B_6_4 B_6_5,B_1_5 B_3_3 B_5_4 B_5_5 B_6_1,O1:B_1_1 B_1_3 B_2_1 B_2_3 B_2_5 B_3_1 B_3_5; O2:B_4_1 B_4_4 B_4_5 B_5_1 B_5_3; O3:B_6_2 B_6_3 B_6_4 B_6_5; P1:B_5_4 B_5_5 B_6_1; P2:B_1_5 B_3_3,O1:4.667/4.800; O2:4.286/4.800; O3:4.800/4.800; P1:4.500/4.800; P2:4.183/4.800,0.9348136939856581,1.0
TIME04,MG,2573.642951667583,True,21,16,5,9,B_1_1 B_1_3 B_2_1 B_2_3 B_2_5 B_3_1 B_3_5 B_4_1 B_4_4 B_4_5 B_5_1 B_5_3 B_5_4 B_5_5 B_6_1 B_6_2,B_1_4 B_1_5 B_6_3 B_6_4 B_6_5,O1:B_1_1 B_1_3 B_2_1 B_2_3 B_2_5 B_3_1 B_3_5; O2:B_4_1 B_4_4 B_4_5 B_5_1 B_5_3; O3:B_5_4 B_5_5 B_6_1 B_6_2; P1:B_6_3 B_6_4 B_6_5; P2:B_1_4 B_1_5,O1:4.667/4.800; O2:4.286/4.800; O3:4.800/4.800; P1:4.500/4.800; P2:4.185/4.800,0.9348869576070525,1.0
TIME04,MG-LS,2573.642951667583,True,21,16,5,9,B_1_1 B_1_3 B_2_1 B_2_3 B_2_5 B_3_1 B_3_5 B_4_1 B_4_4 B_4_5 B_5_1 B_5_3 B_5_4 B_5_5 B_6_1 B_6_2,B_1_4 B_1_5 B_6_3 B_6_4 B_6_5,O1:B_1_1 B_1_3 B_2_1 B_2_3 B_2_5 B_3_1 B_3_5; O2:B_4_1 B_4_4 B_4_5 B_5_1 B_5_3; O3:B_5_4 B_5_5 B_6_1 B_6_2; P1:B_6_3 B_6_4 B_6_5; P2:B_1_4 B_1_5,O1:4.667/4.800; O2:4.286/4.800; O3:4.800/4.800; P1:4.500/4.800; P2:4.185/4.800,0.9348869576070525,1.0
TIME05,VF,2509.642951667583,True,23,18,5,7,B_1_2 B_1_4 B_1_5 B_3_1 B_3_3 B_3_5 B_4_1 B_4_4 B_4_5 B_5_1 B_5_3 B_5_4 B_5_5 B_6_1 B_6_2 B_6_3 B_6_4 B_6_5,B_1_1 B_1_3 B_2_1 B_2_3 B_2_5,O1:B_3_1 B_3_5 B_4_1 B_4_4 B_4_5 B_5_1 B_5_3 B_5_4; O2:B_5_5 B_6_1 B_6_2 B_6_3 B_6_4 B_6_5; O3:B_1_2 B_1_4 B_1_5 B_3_3; P1:B_1_1 B_1_3 B_2_1; P2:B_2_3 B_2_5,O1:5.333/5.600; O2:5.143/5.600; O3:5.143/5.600; P1:4.500/5.600; P2:4.000/5.600,0.8614046332894582,0.9523809523809524
TIME05,VDF,2534.642951667583,True,23,18,5,7,B_1_1 B_1_3 B_1_5 B_2_1 B_2_3 B_2_5 B_3_1 B_3_3 B_3_5 B_4_1 B_4_4 B_4_5 B_5_1 B_5_3 B_5_4 B_5_5 B_6_4 B_6_5,B_1_2 B_1_4 B_6_1 B_6_2 B_6_3,O1:B_1_1 B_1_3 B_2_1 B_2_3 B_2_5 B_3_1 B_3_5 B_4_1; O2:B_4_4 B_4_5 B_5_1 B_5_3 B_5_4 B_5_5; O3:B_1_5 B_3_3 B_6_4 B_6_5; P1:B_6_1 B_6_2 B_6_3; P2:B_1_2 B_1_4,O1:5.333/5.600; O2:5.143/5.600; O3:4.910/5.600; P1:4.500/5.600; P2:4.389/5.600,0.8669582198120638,0.9523809523809524
TIME05,MG,2619.642951667583,True,23,18,5,7,B_1_1 B_1_3 B_2_1 B_2_3 B_2_5 B_3_1 B_3_5 B_4_1 B_4_4 B_4_5 B_5_1 B_5_3 B_5_4 B_5_5 B_6_1 B_6_2 B_6_3 B_6_4,B_1_4 B_1_5 B_2_4 B_3_4 B_6_5,O1:B_1_1 B_1_3 B_2_1 B_2_3 B_2_5 B_3_1 B_3_5 B_4_1; O2:B_4_4 B_4_5 B_5_1 B_5_3 B_5_4 B_5_5; O3:B_6_1 B_6_2 B_6_3 B_6_4; P1:B_1_4 B_1_5 B_6_5; P2:B_2_4 B_3_4,O1:5.333/5.600; O2:5.143/5.600; O3:4.800/5.600; P1:4.639/5.600; P2:5.090/5.600,0.8930404211382579,0.9523809523809524
TIME05,MG-LS,2839.642951667583,True,23,18,5,7,B_1_1 B_2_1 B_2_3 B_3_1 B_3_4 B_3_5 B_4_1 B_4_4 B_4_5 B_5_1 B_5_3 B_5_4 B_5_5 B_6_1 B_6_2 B_6_3 B_6_4 B_6_5,B_1_3 B_1_4 B_1_5 B_2_4 B_2_5,O1:B_1_1 B_2_1 B_2_3 B_3_1 B_3_4 B_3_5 B_4_1 B_6_5; O2:B_4_4 B_4_5 B_5_1 B_5_3 B_5_4 B_5_5; O3:B_6_1 B_6_2 B_6_3 B_6_4; P1:B_1_4 B_1_5 B_2_5; P2:B_1_3 B_2_4,O1:5.498/5.600; O2:5.143/5.600; O3:4.800/5.600; P1:4.639/5.600; P2:4.597/5.600,0.8813013350201926,0.9817286676761153
TIME06,VF,2867.642951667583,True,27,20,7,3,B_1_2 B_1_4 B_1_5 B_2_4 B_3_3 B_3_4 B_4_1 B_4_3 B_4_4 B_4_5 B_5_1 B_5_2 B_5_3 B_5_4 B_5_5 B_6_1 B_6_2 B_6_3 B_6_4 B_6_5,B_1_1 B_1_3 B_2_1 B_2_3 B_2_5 B_3_1 B_3_5,O1:B_4_1 B_4_4 B_4_5 B_5_1 B_5_3 B_5_4 B_5_5 B_6_1 B_6_2; O2:B_1_2 B_1_4 B_1_5 B_3_3 B_6_3 B_6_4 B_6_5; O3:B_2_4 B_3_4 B_4_3 B_5_2; P1:B_1_1 B_1_3 B_2_1 B_2_3; P2:B_2_5 B_3_1 B_3_5,O1:6.000/6.400; O2:6.245/6.400; O3:6.030/6.400; P1:6.000/6.400; P2:6.000/6.400,0.9460963444649615,0.9757967919547262
TIME06,VDF,2626.642951667583,True,26,20,6,4,B_1_1 B_1_2 B_1_3 B_1_4 B_2_1 B_2_3 B_2_5 B_3_1 B_3_3 B_3_5 B_4_1 B_4_3 B_4_4 B_4_5 B_5_1 B_5_3 B_5_4 B_5_5 B_6_1 B_6_2,B_1_5 B_3_4 B_5_2 B_6_3 B_6_4 B_6_5,O1:B_1_1 B_1_3 B_2_1 B_2_3 B_2_5 B_3_1 B_3_5 B_4_1 B_4_4; O2:B_4_5 B_5_1 B_5_3 B_5_4 B_5_5 B_6_1 B_6_2; O3:B_1_2 B_1_4 B_3_3 B_4_3; P1:B_1_5 B_6_3 B_6_4 B_6_5; P2:B_3_4 B_5_2,O1:6.000/6.400; O2:6.000/6.400; O3:5.381/6.400; P1:6.059/6.400; P2:4.977/6.400,0.8880523462182784,0.9467865751768682
TIME06,MG,2688.642951667583,True,26,21,5,4,B_1_1 B_1_3 B_1_5 B_2_1 B_2_3 B_2_5 B_3_1 B_3_3 B_3_5 B_4_1 B_4_4 B_4_5 B_5_1 B_5_3 B_5_4 B_5_5 B_6_1 B_6_2 B_6_3 B_6_4 B_6_5,B_1_2 B_1_4 B_2_2 B_2_4 B_3_4,O1:B_1_1 B_1_3 B_2_1 B_2_3 B_2_5 B_3_1 B_3_5 B_4_1 B_4_4; O2:B_4_5 B_5_1 B_5_3 B_5_4 B_5_5 B_6_1 B_6_2; O3:B_1_5 B_3_3 B_6_3 B_6_4 B_6_5; P1:B_1_4 B_2_4 B_3_4; P2:B_1_2 B_2_2,O1:6.000/6.400; O2:6.000/6.400; O3:6.110/6.400; P1:5.397/6.400; P2:4.978/6.400,0.8901506068534271,0.9546700971820162
TIME06,MG-LS,3149.642951667583,True,27,21,6,3,B_1_1 B_1_5 B_2_1 B_2_5 B_3_1 B_3_3 B_3_4 B_3_5 B_4_1 B_4_2 B_4_4 B_4_5 B_5_1 B_5_3 B_5_4 B_5_5 B_6_1 B_6_2 B_6_3 B_6_4 B_6_5,B_1_2 B_1_3 B_1_4 B_2_2 B_2_3 B_2_4,O1:B_1_1 B_2_1 B_2_5 B_3_1 B_3_4 B_3_5 B_4_1 B_4_2 B_4_4; O2:B_4_5 B_5_1 B_5_3 B_5_4 B_5_5 B_6_1 B_6_2; O3:B_1_5 B_3_3 B_6_3 B_6_4 B_6_5; P1:B_1_4 B_2_2 B_2_4; P2:B_1_2 B_1_3 B_2_3,O1:6.394/6.400; O2:6.000/6.400; O3:6.110/6.400; P1:5.548/6.400; P2:6.283/6.400,0.9479924072994068,0.9991317910591443
VALUE01,VF,2054.642951667583,True,19,14,5,11,B_3_1 B_3_5 B_4_1 B_4_4 B_4_5 B_5_1 B_5_3 B_5_4 B_5_5 B_6_1 B_6_2 B_6_3 B_6_4 B_6_5,B_1_1 B_1_3 B_2_1 B_2_3 B_2_5,O1:B_3_1 B_3_5 B_4_1 B_4_4 B_4_5 B_5_1; O2:B_5_3 B_5_4 B_5_5 B_6_1 B_6_2; O3:B_6_3 B_6_4 B_6_5; P1:B_1_1 B_1_3 B_2_1; P2:B_2_3 B_2_5,O1:4.000/4.500; O2:4.286/4.500; O3:3.600/4.500; P1:4.500/4.500; P2:4.000/4.500,0.906031746031746,1.0
VALUE01,VDF,2164.642951667583,True,19,14,5,11,B_1_1 B_1_3 B_2_1 B_2_3 B_2_5 B_3_1 B_3_5 B_4_1 B_4_4 B_4_5 B_5_1 B_6_1 B_6_2 B_6_3,B_5_3 B_5_4 B_5_5 B_6_4 B_6_5,O1:B_1_1 B_1_3 B_2_1 B_2_3 B_2_5 B_3_1; O2:B_3_5 B_4_1 B_4_4 B_4_5 B_5_1; O3:B_6_1 B_6_2 B_6_3; P1:B_5_3 B_5_4 B_5_5; P2:B_6_4 B_6_5,O1:4.000/4.500; O2:4.286/4.500; O3:3.600/4.500; P1:4.500/4.500; P2:4.000/4.500,0.906031746031746,1.0
VALUE01,MG,2154.642951667583,True,19,14,5,11,B_1_1 B_1_3 B_2_1 B_2_3 B_2_5 B_3_1 B_3_5 B_4_1 B_4_4 B_4_5 B_5_1 B_5_3 B_5_4 B_5_5,B_6_1 B_6_2 B_6_3 B_6_4 B_6_5,O1:B_1_1 B_1_3 B_2_1 B_2_3 B_2_5 B_3_1; O2:B_3_5 B_4_1 B_4_4 B_4_5 B_5_1; O3:B_5_3 B_5_4 B_5_5; P1:B_6_1 B_6_2 B_6_3; P2:B_6_4 B_6_5,O1:4.000/4.500; O2:4.286/4.500; O3:3.600/4.500; P1:4.500/4.500; P2:4.000/4.500,0.906031746031746,1.0
VALUE01,MG-LS,2154.642951667583,True,19,14,5,11,B_1_1 B_1_3 B_2_1 B_2_3 B_2_5 B_3_1 B_3_5 B_4_1 B_4_4 B_4_5 B_5_1 B_5_3 B_5_4 B_5_5,B_6_1 B_6_2 B_6_3 B_6_4 B_6_5,O1:B_1_1 B_1_3 B_2_1 B_2_3 B_2_5 B_3_1; O2:B_3_5 B_4_1 B_4_4 B_4_5 B_5_1; O3:B_5_3 B_5_4 B_5_5; P1:B_6_1 B_6_2 B_6_3; P2:B_6_4 B_6_5,O1:4.000/4.500; O2:4.286/4.500; O3:3.600/4.500; P1:4.500/4.500; P2:4.000/4.500,0.906031746031746,1.0
VALUE02,VF,2354.642951667583,True,19,14,5,11,B_3_1 B_3_5 B_4_1 B_4_4 B_4_5 B_5_1 B_5_3 B_5_4 B_5_5 B_6_1 B_6_2 B_6_3 B_6_4 B_6_5,B_1_1 B_1_3 B_2_1 B_2_3 B_2_5,O1:B_3_1 B_3_5 B_4_1 B_4_4 B_4_5 B_5_1; O2:B_5_3 B_5_4 B_5_5 B_6_1 B_6_2; O3:B_6_3 B_6_4 B_6_5; P1:B_1_1 B_1_3 B_2_1; P2:B_2_3 B_2_5,O1:4.000/4.500; O2:4.286/4.500; O3:3.600/4.500; P1:4.500/4.500; P2:4.000/4.500,0.906031746031746,1.0
VALUE02,VDF,2314.642951667583,True,19,14,5,11,B_1_1 B_1_3 B_2_1 B_2_3 B_2_5 B_3_1 B_4_5 B_5_1 B_5_3 B_5_4 B_5_5 B_6_3 B_6_4 B_6_5,B_3_5 B_4_1 B_4_4 B_6_1 B_6_2,O1:B_1_1 B_1_3 B_2_1 B_2_3 B_2_5 B_3_1; O2:B_4_5 B_5_1 B_5_3 B_5_4 B_5_5; O3:B_6_3 B_6_4 B_6_5; P1:B_3_5 B_4_1 B_4_4; P2:B_6_1 B_6_2,O1:4.000/4.500; O2:4.286/4.500; O3:3.600/4.500; P1:4.500/4.500; P2:4.000/4.500,0.906031746031746,1.0
VALUE02,MG,2444.642951667583,True,19,14,5,11,B_1_3 B_2_3 B_2_5 B_3_5 B_4_4 B_4_5 B_5_3 B_5_4 B_5_5 B_6_1 B_6_2 B_6_3 B_6_4 B_6_5,B_1_1 B_2_1 B_3_1 B_4_1 B_5_1,O1:B_1_3 B_2_3 B_2_5 B_3_5 B_4_4 B_4_5; O2:B_5_3 B_5_4 B_5_5 B_6_1 B_6_2; O3:B_6_3 B_6_4 B_6_5; P1:B_1_1 B_2_1 B_3_1; P2:B_4_1 B_5_1,O1:4.000/4.500; O2:4.286/4.500; O3:3.600/4.500; P1:4.500/4.500; P2:4.000/4.500,0.906031746031746,1.0
VALUE02,MG-LS,2444.642951667583,True,19,14,5,11,B_1_3 B_2_3 B_2_5 B_3_5 B_4_4 B_4_5 B_5_3 B_5_4 B_5_5 B_6_1 B_6_2 B_6_3 B_6_4 B_6_5,B_1_1 B_2_1 B_3_1 B_4_1 B_5_1,O1:B_1_3 B_2_3 B_2_5 B_3_5 B_4_4 B_4_5; O2:B_5_3 B_5_4 B_5_5 B_6_1 B_6_2; O3:B_6_3 B_6_4 B_6_5; P1:B_1_1 B_2_1 B_3_1; P2:B_4_1 B_5_1,O1:4.000/4.500; O2:4.286/4.500; O3:3.600/4.500; P1:4.500/4.500; P2:4.000/4.500,0.906031746031746,1.0
VALUE03,VF,2678.642951667583,True,19,14,5,11,B_3_1 B_3_5 B_4_1 B_4_4 B_4_5 B_5_1 B_5_3 B_5_4 B_5_5 B_6_1 B_6_2 B_6_3 B_6_4 B_6_5,B_1_1 B_1_3 B_2_1 B_2_3 B_2_5,O1:B_3_1 B_3_5 B_4_1 B_4_4 B_4_5 B_5_1; O2:B_5_3 B_5_4 B_5_5 B_6_1 B_6_2; O3:B_6_3 B_6_4 B_6_5; P1:B_1_1 B_1_3 B_2_1; P2:B_2_3 B_2_5,O1:4.000/4.500; O2:4.286/4.500; O3:3.600/4.500; P1:4.500/4.500; P2:4.000/4.500,0.906031746031746,1.0
VALUE03,VDF,2778.642951667583,True,19,14,5,11,B_1_1 B_1_3 B_2_1 B_2_3 B_2_5 B_3_1 B_3_5 B_4_1 B_4_4 B_4_5 B_5_1 B_5_3 B_5_4 B_5_5,B_6_1 B_6_2 B_6_3 B_6_4 B_6_5,O1:B_1_1 B_1_3 B_2_1 B_2_3 B_2_5 B_3_1; O2:B_3_5 B_4_1 B_4_4 B_4_5 B_5_1; O3:B_5_3 B_5_4 B_5_5; P1:B_6_1 B_6_2 B_6_3; P2:B_6_4 B_6_5,O1:4.000/4.500; O2:4.286/4.500; O3:3.600/4.500; P1:4.500/4.500; P2:4.000/4.500,0.906031746031746,1.0
VALUE03,MG,2778.642951667583,True,19,14,5,11,B_1_1 B_1_3 B_2_1 B_2_3 B_2_5 B_3_1 B_3_5 B_4_1 B_4_4 B_4_5 B_5_1 B_5_3 B_5_4 B_5_5,B_6_1 B_6_2 B_6_3 B_6_4 B_6_5,O1:B_1_1 B_1_3 B_2_1 B_2_3 B_2_5 B_3_1; O2:B_3_5 B_4_1 B_4_4 B_4_5 B_5_1; O3:B_5_3 B_5_4 B_5_5; P1:B_6_1 B_6_2 B_6_3; P2:B_6_4 B_6_5,O1:4.000/4.500; O2:4.286/4.500; O3:3.600/4.500; P1:4.500/4.500; P2:4.000/4.500,0.906031746031746,1.0
VALUE03,MG-LS,2778.642951667583,True,19,14,5,11,B_1_1 B_1_3 B_2_1 B_2_3 B_2_5 B_3_1 B_3_5 B_4_1 B_4_4 B_4_5 B_5_1 B_5_3 B_5_4 B_5_5,B_6_1 B_6_2 B_6_3 B_6_4 B_6_5,O1:B_1_1 B_1_3 B_2_1 B_2_3 B_2_5 B_3_1; O2:B_3_5 B_4_1 B_4_4 B_4_5 B_5_1; O3:B_5_3 B_5_4 B_5_5; P1:B_6_1 B_6_2 B_6_3; P2:B_6_4 B_6_5,O1:4.000/4.500; O2:4.286/4.500; O3:3.600/4.500; P1:4.500/4.500; P2:4.000/4.500,0.906031746031746,1.0
VALUE04,VF,2394.642951667583,True,19,14,5,11,B_3_1 B_3_5 B_4_1 B_4_4 B_4_5 B_5_1 B_5_3 B_5_4 B_5_5 B_6_1 B_6_2 B_6_3 B_6_4 B_6_5,B_1_1 B_1_3 B_2_1 B_2_3 B_2_5,O1:B_3_1 B_3_5 B_4_1 B_4_4 B_4_5 B_5_1; O2:B_5_3 B_5_4 B_5_5 B_6_1 B_6_2; O3:B_6_3 B_6_4 B_6_5; P1:B_1_1 B_1_3 B_2_1; P2:B_2_3 B_2_5,O1:4.000/4.500; O2:4.286/4.500; O3:3.600/4.500; P1:4.500/4.500; P2:4.000/4.500,0.906031746031746,1.0
VALUE04,VDF,2504.642951667583,True,19,14,5,11,B_1_1 B_1_3 B_2_1 B_2_3 B_2_5 B_3_1 B_3_5 B_4_1 B_4_4 B_4_5 B_5_1 B_6_3 B_6_4 B_6_5,B_5_3 B_5_4 B_5_5 B_6_1 B_6_2,O1:B_1_1 B_1_3 B_2_1 B_2_3 B_2_5 B_3_1; O2:B_3_5 B_4_1 B_4_4 B_4_5 B_5_1; O3:B_6_3 B_6_4 B_6_5; P1:B_5_3 B_5_4 B_5_5; P2:B_6_1 B_6_2,O1:4.000/4.500; O2:4.286/4.500; O3:3.600/4.500; P1:4.500/4.500; P2:4.000/4.500,0.906031746031746,1.0
VALUE04,MG,2754.642951667583,True,19,14,5,11,B_1_1 B_1_3 B_2_1 B_2_3 B_2_5 B_3_1 B_3_5 B_4_4 B_4_5 B_5_3 B_5_4 B_5_5 B_6_3 B_6_4,B_4_1 B_5_1 B_5_2 B_6_1 B_6_2,O1:B_1_1 B_1_3 B_2_1 B_2_3 B_2_5 B_3_1; O2:B_3_5 B_4_4 B_4_5 B_5_3 B_5_4; O3:B_5_5 B_6_3 B_6_4; P1:B_4_1 B_5_1 B_6_1; P2:B_5_2 B_6_2,O1:4.000/4.500; O2:4.286/4.500; O3:3.600/4.500; P1:4.500/4.500; P2:4.484/4.500,0.9275629584029257,1.0
VALUE04,MG-LS,2754.642951667583,True,19,14,5,11,B_1_1 B_1_3 B_2_1 B_2_3 B_2_5 B_3_1 B_3_5 B_4_4 B_4_5 B_5_3 B_5_4 B_5_5 B_6_3 B_6_4,B_4_1 B_5_1 B_5_2 B_6_1 B_6_2,O1:B_1_1 B_1_3 B_2_1 B_2_3 B_2_5 B_3_1; O2:B_3_5 B_4_4 B_4_5 B_5_3 B_5_4; O3:B_5_5 B_6_3 B_6_4; P1:B_4_1 B_5_1 B_6_1; P2:B_5_2 B_6_2,O1:4.000/4.500; O2:4.286/4.500; O3:3.600/4.500; P1:4.500/4.500; P2:4.484/4.500,0.9275629584029257,1.0
VALUE05,VF,1874.642951667583,True,19,14,5,11,B_3_1 B_3_5 B_4_1 B_4_4 B_4_5 B_5_1 B_5_3 B_5_4 B_5_5 B_6_1 B_6_2 B_6_3 B_6_4 B_6_5,B_1_1 B_1_3 B_2_1 B_2_3 B_2_5,O1:B_3_1 B_3_5 B_4_1 B_4_4 B_4_5 B_5_1; O2:B_5_3 B_5_4 B_5_5 B_6_1 B_6_2; O3:B_6_3 B_6_4 B_6_5; P1:B_1_1 B_1_3 B_2_1; P2:B_2_3 B_2_5,O1:4.000/4.500; O2:4.286/4.500; O3:3.600/4.500; P1:4.500/4.500; P2:4.000/4.500,0.906031746031746,1.0
VALUE05,VDF,1984.642951667583,True,19,14,5,11,B_1_1 B_1_3 B_2_1 B_2_3 B_2_5 B_3_1 B_3_5 B_4_1 B_4_4 B_4_5 B_5_1 B_6_3 B_6_4 B_6_5,B_5_3 B_5_4 B_5_5 B_6_1 B_6_2,O1:B_1_1 B_1_3 B_2_1 B_2_3 B_2_5 B_3_1; O2:B_3_5 B_4_1 B_4_4 B_4_5 B_5_1; O3:B_6_3 B_6_4 B_6_5; P1:B_5_3 B_5_4 B_5_5; P2:B_6_1 B_6_2,O1:4.000/4.500; O2:4.286/4.500; O3:3.600/4.500; P1:4.500/4.500; P2:4.000/4.500,0.906031746031746,1.0
VALUE05,MG,1824.642951667583,True,14,14,0,16,B_1_1 B_1_3 B_2_1 B_2_3 B_2_5 B_3_1 B_3_5 B_4_1 B_4_4 B_4_5 B_5_1 B_5_3 B_5_4 B_5_5,,O1:B_1_1 B_1_3 B_2_1 B_2_3 B_2_5 B_3_1; O2:B_3_5 B_4_1 B_4_4 B_4_5 B_5_1; O3:B_5_3 B_5_4 B_5_5,O1:4.000/4.500; O2:4.286/4.500; O3:3.600/4.500; P1:0.000/4.500; P2:0.000/4.500,0.5282539682539682,0.9523809523809523
VALUE05,MG-LS,1824.642951667583,True,14,14,0,16,B_1_1 B_1_3 B_2_1 B_2_3 B_2_5 B_3_1 B_3_5 B_4_1 B_4_4 B_4_5 B_5_1 B_5_3 B_5_4 B_5_5,,O1:B_1_1 B_1_3 B_2_1 B_2_3 B_2_5 B_3_1; O2:B_3_5 B_4_1 B_4_4 B_4_5 B_5_1; O3:B_5_3 B_5_4 B_5_5,O1:4.000/4.500; O2:4.286/4.500; O3:3.600/4.500; P1:0.000/4.500; P2:0.000/4.500,0.5282539682539682,0.9523809523809523
VALUE06,VF,2575.642951667583,True,19,14,5,11,B_3_1 B_3_5 B_4_1 B_4_4 B_4_5 B_5_1 B_5_3 B_5_4 B_5_5 B_6_1 B_6_2 B_6_3 B_6_4 B_6_5,B_1_1 B_1_3 B_2_1 B_2_3 B_2_5,O1:B_3_1 B_3_5 B_4_1 B_4_4 B_4_5 B_5_1; O2:B_5_3 B_5_4 B_5_5 B_6_1 B_6_2; O3:B_6_3 B_6_4 B_6_5; P1:B_1_1 B_1_3 B_2_1; P2:B_2_3 B_2_5,O1:4.000/4.500; O2:4.286/4.500; O3:3.600/4.500; P1:4.500/4.500; P2:4.000/4.500,0.906031746031746,1.0
VALUE06,VDF,3050.642951667583,True,19,14,5,11,B_1_1 B_1_3 B_2_1 B_2_3 B_2_5 B_3_1 B_3_5 B_4_1 B_4_4 B_4_5 B_5_1 B_6_1 B_6_2 B_6_3,B_5_3 B_5_4 B_5_5 B_6_4 B_6_5,O1:B_1_1 B_1_3 B_2_1 B_2_3 B_2_5 B_3_1; O2:B_3_5 B_4_1 B_4_4 B_4_5 B_5_1; O3:B_6_1 B_6_2 B_6_3; P1:B_5_3 B_5_4 B_5_5; P2:B_6_4 B_6_5,O1:4.000/4.500; O2:4.286/4.500; O3:3.600/4.500; P1:4.500/4.500; P2:4.000/4.500,0.906031746031746,1.0
VALUE06,MG,2985.642951667583,True,19,14,5,11,B_1_1 B_1_3 B_2_1 B_2_3 B_2_5 B_3_1 B_3_5 B_4_1 B_4_4 B_4_5 B_5_1 B_5_3 B_5_4 B_5_5,B_6_1 B_6_2 B_6_3 B_6_4 B_6_5,O1:B_1_1 B_1_3 B_2_1 B_2_3 B_2_5 B_3_1; O2:B_3_5 B_4_1 B_4_4 B_4_5 B_5_1; O3:B_5_3 B_5_4 B_5_5; P1:B_6_1 B_6_2 B_6_3; P2:B_6_4 B_6_5,O1:4.000/4.500; O2:4.286/4.500; O3:3.600/4.500; P1:4.500/4.500; P2:4.000/4.500,0.906031746031746,1.0
VALUE06,MG-LS,2985.642951667583,True,19,14,5,11,B_1_1 B_1_3 B_2_1 B_2_3 B_2_5 B_3_1 B_3_5 B_4_1 B_4_4 B_4_5 B_5_1 B_5_3 B_5_4 B_5_5,B_6_1 B_6_2 B_6_3 B_6_4 B_6_5,O1:B_1_1 B_1_3 B_2_1 B_2_3 B_2_5 B_3_1; O2:B_3_5 B_4_1 B_4_4 B_4_5 B_5_1; O3:B_5_3 B_5_4 B_5_5; P1:B_6_1 B_6_2 B_6_3; P2:B_6_4 B_6_5,O1:4.000/4.500; O2:4.286/4.500; O3:3.600/4.500; P1:4.500/4.500; P2:4.000/4.500,0.906031746031746,1.0
