case_id,method,block_id,state,device_id
COMBO01,VF,B_1_1,precision,P1
COMBO01,VF,B_1_2,precision,P1
COMBO01,VF,B_1_3,precision,P1
COMBO01,VF,B_2_1,precision,P1
COMBO01,VF,B_2_2,precision,P2
COMBO01,VF,B_2_3,precision,P2
COMBO01,VF,B_3_1,precision,P2
COMBO01,VF,B_3_2,ordinary,O1
COMBO01,VF,B_3_3,ordinary,O1
COMBO01,VF,B_4_1,ordinary,O1
COMBO01,VF,B_4_2,ordinary,O1
COMBO01,VF,B_4_3,ordinary,O1
COMBO01,VDF,B_1_1,ordinary,O1
COMBO01,VDF,B_1_2,ordinary,O1
COMBO01,VDF,B_1_3,ordinary,O1
COMBO01,VDF,B_2_1,ordinary,O1
COMBO01,VDF,B_2_2,ordinary,O1
COMBO01,VDF,B_2_3,ordinary,O1
COMBO01,VDF,B_3_1,ordinary,O1
COMBO01,VDF,B_3_2,ordinary,O1
COMBO01,VDF,B_3_3,ordinary,O1
COMBO01,VDF,B_4_1,ordinary,O1
COMBO01,VDF,B_4_2,ordinary,O1
COMBO01,VDF,B_4_3,ordinary,O1
COMBO01,MG,B_1_1,ordinary,O1
COMBO01,MG,B_1_2,ordinary,O1
COMBO01,MG,B_1_3,ordinary,O1
COMBO01,MG,B_2_1,ordinary,O1
COMBO01,MG,B_2_2,ordinary,O1
COMBO01,MG,B_2_3,ordinary,O1
COMBO01,MG,B_3_1,ordinary,O1
COMBO01,MG,B_3_2,ordinary,O1
COMBO01,MG,B_3_3,ordinary,O1
COMBO01,MG,B_4_1,ordinary,O1
COMBO01,MG,B_4_2,ordinary,O1
COMBO01,MG,B_4_3,ordinary,O1
COMBO01,MG-LS,B_1_1,precision,P1
COMBO01,MG-LS,B_1_2,precision,P1
COMBO01,MG-LS,B_1_3,precision,P2
COMBO01,MG-LS,B_2_1,precision,P1
COMBO01,MG-LS,B_2_2,precision,P1
COMBO01,MG-LS,B_2_3,precision,P2
COMBO01,MG-LS,B_3_1,precision,P2
COMBO01,MG-LS,B_3_2,ordinary,O1
COMBO01,MG-LS,B_3_3,ordinary,O1
COMBO01,MG-LS,B_4_1,ordinary,O1
COMBO01,MG-LS,B_4_2,ordinary,O1
COMBO01,MG-LS,B_4_3,ordinary,O1
COMBO02,VF,B_1_1,precision,P1
COMBO02,VF,B_1_2,precision,P1
COMBO02,VF,B_1_3,ordinary,O1
COMBO02,VF,B_1_4,ordinary,O1
COMBO02,VF,B_2_1,precision,P1
COMBO02,VF,B_2_2,precision,P1
COMBO02,VF,B_2_3,ordinary,O1
COMBO02,VF,B_2_4,precision,P1
COMBO02,VF,B_3_1,precision,P2
COMBO02,VF,B_3_2,precision,P2
COMBO02,VF,B_3_3,ordinary,O1
COMBO02,VF,B_3_4,precision,P2
COMBO02,VF,B_4_1,precision,P2
COMBO02,VF,B_4_2,ordinary,O1
COMBO02,VF,B_4_3,ordinary,O1
COMBO02,VF,B_4_4,ordinary,O1
COMBO02,VF,B_5_1,ordinary,O1
COMBO02,VF,B_5_2,ordinary,O1
COMBO02,VF,B_5_3,ordinary,O1
COMBO02,VF,B_5_4,ordinary,O1
COMBO02,VDF,B_1_1,ordinary,O1
COMBO02,VDF,B_1_2,ordinary,O1
COMBO02,VDF,B_1_3,ordinary,O2
COMBO02,VDF,B_1_4,ordinary,O2
COMBO02,VDF,B_2_1,ordinary,O1
COMBO02,VDF,B_2_2,ordinary,O1
COMBO02,VDF,B_2_3,ordinary,O2
COMBO02,VDF,B_2_4,ordinary,O1
COMBO02,VDF,B_3_1,ordinary,O1
COMBO02,VDF,B_3_2,ordinary,O1
COMBO02,VDF,B_3_3,ordinary,O2
COMBO02,VDF,B_3_4,ordinary,O1
COMBO02,VDF,B_4_1,ordinary,O1
COMBO02,VDF,B_4_2,ordinary,O1
COMBO02,VDF,B_4_3,ordinary,O2
COMBO02,VDF,B_4_4,ordinary,O1
COMBO02,VDF,B_5_1,ordinary,O1
COMBO02,VDF,B_5_2,ordinary,O2
COMBO02,VDF,B_5_3,ordinary,O2
COMBO02,VDF,B_5_4,ordinary,O2
COMBO02,MG,B_1_1,ordinary,O1
COMBO02,MG,B_1_2,ordinary,O1
COMBO02,MG,B_1_3,ordinary,O2
COMBO02,MG,B_1_4,ordinary,O2
COMBO02,MG,B_2_1,ordinary,O1
COMBO02,MG,B_2_2,ordinary,O1
COMBO02,MG,B_2_3,ordinary,O2
COMBO02,MG,B_2_4,ordinary,O1
COMBO02,MG,B_3_1,ordinary,O1
COMBO02,MG,B_3_2,ordinary,O1
COMBO02,MG,B_3_3,ordinary,O2
COMBO02,MG,B_3_4,ordinary,O1
COMBO02,MG,B_4_1,ordinary,O1
COMBO02,MG,B_4_2,ordinary,O1
COMBO02,MG,B_4_3,ordinary,O2
COMBO02,MG,B_4_4,ordinary,O1
COMBO02,MG,B_5_1,ordinary,O1
COMBO02,MG,B_5_2,ordinary,O2
COMBO02,MG,B_5_3,ordinary,O2
COMBO02,MG,B_5_4,ordinary,O2
COMBO02,MG-LS,B_1_1,precision,P1
COMBO02,MG-LS,B_1_2,precision,P1
COMBO02,MG-LS,B_1_3,precision,P1
COMBO02,MG-LS,B_1_4,precision,P2
COMBO02,MG-LS,B_2_1,precision,P1
COMBO02,MG-LS,B_2_2,precision,P1
COMBO02,MG-LS,B_2_3,precision,P2
COMBO02,MG-LS,B_2_4,precision,P2
COMBO02,MG-LS,B_3_1,ordinary,O1
COMBO02,MG-LS,B_3_2,ordinary,O1
COMBO02,MG-LS,B_3_3,ordinary,O2
COMBO02,MG-LS,B_3_4,ordinary,O1
COMBO02,MG-LS,B_4_1,ordinary,O1
COMBO02,MG-LS,B_4_2,ordinary,O1
COMBO02,MG-LS,B_4_3,ordinary,O2
COMBO02,MG-LS,B_4_4,ordinary,O1
COMBO02,MG-LS,B_5_1,ordinary,O1
COMBO02,MG-LS,B_5_2,ordinary,O2
COMBO02,MG-LS,B_5_3,ordinary,O2
COMBO02,MG-LS,B_5_4,ordinary,O2
COMBO03,VF,B_1_1,precision,P1
COMBO03,VF,B_1_2,ordinary,O3
COMBO03,VF,B_1_3,precision,P1
COMBO03,VF,B_1_4,ordinary,O2
COMBO03,VF,B_1_5,ordinary,O2
COMBO03,VF,B_2_1,precision,P1
COMBO03,VF,B_2_3,precision,P1
COMBO03,VF,B_2_5,precision,P2
COMBO03,VF,B_3_1,precision,P2
COMBO03,VF,B_3_3,ordinary,O2
COMBO03,VF,B_3_4,ordinary,O3
COMBO03,VF,B_3_5,precision,P2
COMBO03,VF,B_4_1,ordinary,O1
COMBO03,VF,B_4_3,ordinary,O3
COMBO03,VF,B_4_4,ordinary,O1
COMBO03,VF,B_4_5,ordinary,O1
COMBO03,VF,B_5_1,ordinary,O1
COMBO03,VF,B_5_2,ordinary,O3
COMBO03,VF,B_5_3,ordinary,O1
COMBO03,VF,B_5_4,ordinary,O1
COMBO03,VF,B_5_5,ordinary,O1
COMBO03,VF,B_6_1,ordinary,O1
COMBO03,VF,B_6_2,ordinary,O1
COMBO03,VF,B_6_3,ordinary,O2
COMBO03,VF,B_6_4,ordinary,O2
COMBO03,VF,B_6_5,ordinary,O2
COMBO03,VDF,B_1_1,ordinary,O1
COMBO03,VDF,B_1_2,ordinary,O3
COMBO03,VDF,B_1_3,ordinary,O1
COMBO03,VDF,B_1_4,ordinary,O3
COMBO03,VDF,B_1_5,ordinary,O3
COMBO03,VDF,B_2_1,ordinary,O1
COMBO03,VDF,B_2_3,ordinary,O1
COMBO03,VDF,B_2_5,ordinary,O1
COMBO03,VDF,B_3_1,ordinary,O1
COMBO03,VDF,B_3_3,ordinary,O3
COMBO03,VDF,B_3_5,ordinary,O1
COMBO03,VDF,B_4_1,ordinary,O1
COMBO03,VDF,B_4_3,precision,P2
COMBO03,VDF,B_4_4,ordinary,O1
COMBO03,VDF,B_4_5,ordinary,O2
COMBO03,VDF,B_5_1,ordinary,O2
COMBO03,VDF,B_5_2,precision,P2
COMBO03,VDF,B_5_3,ordinary,O2
COMBO03,VDF,B_5_4,ordinary,O2
COMBO03,VDF,B_5_5,ordinary,O2
COMBO03,VDF,B_6_1,ordinary,O2
COMBO03,VDF,B_6_2,ordinary,O2
COMBO03,VDF,B_6_3,precision,P1
COMBO03,VDF,B_6_4,precision,P1
COMBO03,VDF,B_6_5,precision,P1
COMBO03,MG,B_1_1,ordinary,O1
COMBO03,MG,B_1_3,ordinary,O1
COMBO03,MG,B_1_4,precision,P1
COMBO03,MG,B_1_5,ordinary,O3
COMBO03,MG,B_2_1,ordinary,O1
COMBO03,MG,B_2_3,ordinary,O1
COMBO03,MG,B_2_4,precision,P1
COMBO03,MG,B_2_5,ordinary,O1
COMBO03,MG,B_3_1,ordinary,O1
COMBO03,MG,B_3_3,precision,P2
COMBO03,MG,B_3_4,precision,P1
COMBO03,MG,B_3_5,ordinary,O1
COMBO03,MG,B_4_1,ordinary,O1
COMBO03,MG,B_4_3,precision,P2
COMBO03,MG,B_4_4,ordinary,O1
COMBO03,MG,B_4_5,ordinary,O2
COMBO03,MG,B_5_1,ordinary,O2
COMBO03,MG,B_5_3,ordinary,O2
COMBO03,MG,B_5_4,ordinary,O2
COMBO03,MG,B_5_5,ordinary,O2
COMBO03,MG,B_6_1,ordinary,O2
COMBO03,MG,B_6_2,ordinary,O2
COMBO03,MG,B_6_3,ordinary,O3
COMBO03,MG,B_6_4,ordinary,O3
COMBO03,MG,B_6_5,ordinary,O3
COMBO03,MG-LS,B_1_1,ordinary,O1
COMBO03,MG-LS,B_1_2,ordinary,O3
COMBO03,MG-LS,B_1_3,precision,P2
COMBO03,MG-LS,B_1_4,precision,P1
COMBO03,MG-LS,B_1_5,precision,P1
COMBO03,MG-LS,B_2_1,ordinary,O1
COMBO03,MG-LS,B_2_3,precision,P2
COMBO03,MG-LS,B_2_4,precision,P1
COMBO03,MG-LS,B_2_5,precision,P2
COMBO03,MG-LS,B_3_1,ordinary,O1
COMBO03,MG-LS,B_3_3,ordinary,O1
COMBO03,MG-LS,B_3_4,ordinary,O1
COMBO03,MG-LS,B_3_5,ordinary,O1
COMBO03,MG-LS,B_4_1,ordinary,O1
COMBO03,MG-LS,B_4_4,ordinary,O1
COMBO03,MG-LS,B_4_5,ordinary,O2
COMBO03,MG-LS,B_5_1,ordinary,O2
COMBO03,MG-LS,B_5_3,ordinary,O2
COMBO03,MG-LS,B_5_4,ordinary,O2
COMBO03,MG-LS,B_5_5,ordinary,O2
COMBO03,MG-LS,B_6_1,ordinary,O2
COMBO03,MG-LS,B_6_2,ordinary,O2
COMBO03,MG-LS,B_6_3,ordinary,O3
COMBO03,MG-LS,B_6_4,ordinary,O3
COMBO03,MG-LS,B_6_5,ordinary,O3
COMBO04,VF,B_1_1,precision,P1
COMBO04,VF,B_1_3,precision,P1
COMBO04,VF,B_2_1,precision,P2
COMBO04,VF,B_2_3,precision,P2
COMBO04,VF,B_2_5,ordinary,O1
COMBO04,VF,B_3_1,ordinary,O1
COMBO04,VF,B_3_3,ordinary,O1
COMBO04,VF,B_3_5,ordinary,O1
COMBO04,VF,B_5_1,ordinary,O1
COMBO04,VF,B_5_4,ordinary,O1
COMBO04,VF,B_5_5,ordinary,O2
COMBO04,VF,B_6_1,ordinary,O2
COMBO04,VF,B_6_3,ordinary,O2
COMBO04,VF,B_6_4,ordinary,O2
COMBO04,VF,B_6_5,ordinary,O3
COMBO04,VF,B_7_1,ordinary,O3
COMBO04,VF,B_7_2,ordinary,O3
COMBO04,VDF,B_1_1,ordinary,O1
COMBO04,VDF,B_1_3,ordinary,O1
COMBO04,VDF,B_2_1,ordinary,O1
COMBO04,VDF,B_2_3,ordinary,O1
COMBO04,VDF,B_2_5,ordinary,O1
COMBO04,VDF,B_3_1,ordinary,O1
COMBO04,VDF,B_3_3,ordinary,O2
COMBO04,VDF,B_3_5,ordinary,O2
COMBO04,VDF,B_5_1,ordinary,O2
COMBO04,VDF,B_5_4,ordinary,O2
COMBO04,VDF,B_5_5,precision,P1
COMBO04,VDF,B_6_1,precision,P1
COMBO04,VDF,B_6_3,ordinary,O3
COMBO04,VDF,B_6_4,ordinary,O3
COMBO04,VDF,B_6_5,ordinary,O3
COMBO04,VDF,B_7_1,precision,P2
COMBO04,VDF,B_7_2,precision,P2
COMBO04,MG,B_1_1,ordinary,O1
COMBO04,MG,B_1_3,ordinary,O1
COMBO04,MG,B_2_1,ordinary,O1
COMBO04,MG,B_2_3,ordinary,O1
COMBO04,MG,B_2_5,ordinary,O1
COMBO04,MG,B_3_1,ordinary,O1
COMBO04,MG,B_3_3,ordinary,O2
COMBO04,MG,B_3_5,ordinary,O2
COMBO04,MG,B_5_1,ordinary,O2
COMBO04,MG,B_5_4,ordinary,O2
COMBO04,MG,B_5_5,ordinary,O3
COMBO04,MG,B_6_1,ordinary,O3
COMBO04,MG,B_6_3,ordinary,O3
COMBO04,MG,B_7_1,precision,P1
COMBO04,MG,B_7_2,precision,P1
COMBO04,MG,B_7_3,precision,P2
COMBO04,MG,B_7_4,precision,P2
COMBO04,MG-LS,B_1_1,ordinary,O1
COMBO04,MG-LS,B_1_3,ordinary,O1
COMBO04,MG-LS,B_2_1,ordinary,O1
COMBO04,MG-LS,B_2_3,ordinary,O1
COMBO04,MG-LS,B_2_5,ordinary,O1
COMBO04,MG-LS,B_3_1,ordinary,O1
COMBO04,MG-LS,B_3_3,ordinary,O2
COMBO04,MG-LS,B_3_5,ordinary,O2
COMBO04,MG-LS,B_5_1,ordinary,O2
COMBO04,MG-LS,B_5_4,ordinary,O2
COMBO04,MG-LS,B_5_5,ordinary,O3
COMBO04,MG-LS,B_6_1,ordinary,O3
COMBO04,MG-LS,B_6_3,ordinary,O3
COMBO04,MG-LS,B_7_1,precision,P1
COMBO04,MG-LS,B_7_2,precision,P1
COMBO04,MG-LS,B_7_3,precision,P2
COMBO04,MG-LS,B_7_4,precision,P2
COMBO05,VF,B_1_1,precision,P1
COMBO05,VF,B_1_3,precision,P2
COMBO05,VF,B_1_4,ordinary,O1
COMBO05,VF,B_1_6,ordinary,O1
COMBO05,VF,B_2_1,ordinary,O1
COMBO05,VF,B_2_3,ordinary,O2
COMBO05,VF,B_2_4,ordinary,O2
COMBO05,VF,B_2_6,ordinary,O3
COMBO05,VF,B_3_1,ordinary,O3
COMBO05,VDF,B_1_1,ordinary,O1
COMBO05,VDF,B_1_3,ordinary,O1
COMBO05,VDF,B_1_4,ordinary,O1
COMBO05,VDF,B_1_6,ordinary,O2
COMBO05,VDF,B_2_1,ordinary,O2
COMBO05,VDF,B_2_3,precision,P1
COMBO05,VDF,B_2_4,ordinary,O3
COMBO05,VDF,B_2_6,ordinary,O3
COMBO05,VDF,B_3_1,precision,P2
COMBO05,MG,B_1_1,ordinary,O1
COMBO05,MG,B_1_3,ordinary,O1
COMBO05,MG,B_1_4,ordinary,O1
COMBO05,MG,B_1_6,ordinary,O2
COMBO05,MG,B_2_1,ordinary,O2
COMBO05,MG,B_2_3,ordinary,O3
COMBO05,MG,B_2_4,ordinary,O3
COMBO05,MG,B_7_1,precision,P2
COMBO05,MG,B_8_1,precision,P1
COMBO05,MG-LS,B_1_1,ordinary,O1
COMBO05,MG-LS,B_1_3,ordinary,O1
COMBO05,MG-LS,B_1_4,ordinary,O1
COMBO05,MG-LS,B_1_6,ordinary,O2
COMBO05,MG-LS,B_2_1,ordinary,O2
COMBO05,MG-LS,B_2_3,ordinary,O3
COMBO05,MG-LS,B_2_4,ordinary,O3
COMBO05,MG-LS,B_7_1,precision,P2
COMBO05,MG-LS,B_8_1,precision,P1
COMBO06,VF,B_10_1,ordinary,O1
COMBO06,VF,B_10_3,ordinary,O2
COMBO06,VF,B_10_4,ordinary,O3
COMBO06,VDF,B_10_1,ordinary,O1
COMBO06,VDF,B_10_3,ordinary,O2
COMBO06,VDF,B_10_4,ordinary,O3
COMBO06,MG,B_10_1,ordinary,O1
COMBO06,MG,B_10_3,ordinary,O2
COMBO06,MG,B_10_4,ordinary,O3
COMBO06,MG-LS,B_10_1,ordinary,O1
COMBO06,MG-LS,B_10_3,ordinary,O2
COMBO06,MG-LS,B_10_4,ordinary,O3
CRACK01,VF,B_1_1,precision,P1
CRACK01,VF,B_1_2,precision,P1
CRACK01,VF,B_1_3,precision,P1
CRACK01,VF,B_1_4,precision,P2
CRACK01,VF,B_1_5,precision,P2
CRACK01,VF,B_2_1,ordinary,O1
CRACK01,VF,B_2_2,ordinary,O1
CRACK01,VF,B_2_3,ordinary,O1
CRACK01,VF,B_2_4,ordinary,O1
CRACK01,VF,B_2_5,ordinary,O1
CRACK01,VF,B_3_1,ordinary,O1
CRACK01,VF,B_3_2,ordinary,O2
CRACK01,VF,B_3_3,ordinary,O2
CRACK01,VF,B_3_4,ordinary,O2
CRACK01,VF,B_3_5,ordinary,O2
CRACK01,VF,B_4_1,ordinary,O2
CRACK01,VF,B_4_2,ordinary,O3
CRACK01,VF,B_4_3,ordinary,O3
CRACK01,VF,B_4_4,ordinary,O3
CRACK01,VDF,B_1_1,ordinary,O1
CRACK01,VDF,B_1_2,ordinary,O1
CRACK01,VDF,B_1_3,ordinary,O1
CRACK01,VDF,B_1_4,ordinary,O1
CRACK01,VDF,B_1_5,ordinary,O1
CRACK01,VDF,B_2_1,ordinary,O1
CRACK01,VDF,B_2_2,ordinary,O2
CRACK01,VDF,B_2_3,ordinary,O2
CRACK01,VDF,B_2_4,ordinary,O2
CRACK01,VDF,B_2_5,ordinary,O2
CRACK01,VDF,B_3_1,ordinary,O2
CRACK01,VDF,B_3_2,precision,P1
CRACK01,VDF,B_3_3,precision,P1
CRACK01,VDF,B_3_4,precision,P1
CRACK01,VDF,B_3_5,ordinary,O3
CRACK01,VDF,B_4_1,ordinary,O3
CRACK01,VDF,B_4_2,ordinary,O3
CRACK01,VDF,B_4_3,precision,P2
CRACK01,VDF,B_4_4,precision,P2
CRACK01,MG,B_1_1,ordinary,O1
CRACK01,MG,B_1_2,ordinary,O1
CRACK01,MG,B_1_3,ordinary,O1
CRACK01,MG,B_1_4,ordinary,O1
CRACK01,MG,B_1_5,ordinary,O1
CRACK01,MG,B_2_1,ordinary,O1
CRACK01,MG,B_2_2,ordinary,O2
CRACK01,MG,B_2_3,ordinary,O2
CRACK01,MG,B_2_4,ordinary,O2
CRACK01,MG,B_2_5,ordinary,O2
CRACK01,MG,B_3_1,ordinary,O2
CRACK01,MG,B_3_2,ordinary,O3
CRACK01,MG,B_3_3,ordinary,O3
CRACK01,MG,B_3_4,ordinary,O3
CRACK01,MG,B_4_1,precision,P1
CRACK01,MG,B_5_1,precision,P1
CRACK01,MG,B_5_2,precision,P2
CRACK01,MG,B_6_1,precision,P1
CRACK01,MG,B_6_2,precision,P2
CRACK01,MG-LS,B_1_1,ordinary,O1
CRACK01,MG-LS,B_1_2,ordinary,O1
CRACK01,MG-LS,B_1_3,ordinary,O1
CRACK01,MG-LS,B_1_4,ordinary,O1
CRACK01,MG-LS,B_1_5,ordinary,O1
CRACK01,MG-LS,B_2_1,ordinary,O1
CRACK01,MG-LS,B_2_2,ordinary,O2
CRACK01,MG-LS,B_2_3,ordinary,O2
CRACK01,MG-LS,B_2_4,ordinary,O2
CRACK01,MG-LS,B_2_5,ordinary,O2
CRACK01,MG-LS,B_3_1,ordinary,O2
CRACK01,MG-LS,B_3_2,ordinary,O3
CRACK01,MG-LS,B_3_3,ordinary,O3
CRACK01,MG-LS,B_3_4,ordinary,O3
CRACK01,MG-LS,B_4_1,precision,P1
CRACK01,MG-LS,B_5_1,precision,P1
CRACK01,MG-LS,B_5_2,precision,P2
CRACK01,MG-LS,B_6_1,precision,P1
CRACK01,MG-LS,B_6_2,precision,P2
CRACK02,VF,B_1_1,precision,P1
CRACK02,VF,B_1_2,precision,P1
CRACK02,VF,B_1_3,precision,P1
CRACK02,VF,B_2_1,precision,P2
CRACK02,VF,B_2_2,precision,P2
CRACK02,VF,B_2_3,ordinary,O1
CRACK02,VF,B_2_5,ordinary,O1
CRACK02,VF,B_3_1,ordinary,O1
CRACK02,VF,B_3_2,ordinary,O1
CRACK02,VF,B_3_5,ordinary,O1
CRACK02,VF,B_4_1,ordinary,O1
CRACK02,VF,B_4_2,ordinary,O2
CRACK02,VF,B_4_4,ordinary,O2
CRACK02,VF,B_4_5,ordinary,O2
CRACK02,VF,B_5_1,ordinary,O2
CRACK02,VF,B_5_2,ordinary,O2
CRACK02,VF,B_5_3,ordinary,O3
CRACK02,VF,B_5_4,ordinary,O3
CRACK02,VF,B_5_5,ordinary,O3
CRACK02,VDF,B_1_1,ordinary,O1
CRACK02,VDF,B_1_2,ordinary,O1
CRACK02,VDF,B_1_3,ordinary,O1
CRACK02,VDF,B_2_1,ordinary,O1
CRACK02,VDF,B_2_2,ordinary,O1
CRACK02,VDF,B_2_3,ordinary,O1
CRACK02,VDF,B_2_5,ordinary,O2
CRACK02,VDF,B_3_1,ordinary,O2
CRACK02,VDF,B_3_2,ordinary,O2
CRACK02,VDF,B_3_5,ordinary,O2
CRACK02,VDF,B_4_1,ordinary,O2
CRACK02,VDF,B_4_2,precision,P1
CRACK02,VDF,B_4_4,precision,P1
CRACK02,VDF,B_4_5,precision,P1
CRACK02,VDF,B_5_1,ordinary,O3
CRACK02,VDF,B_5_2,ordinary,O3
CRACK02,VDF,B_5_3,ordinary,O3
CRACK02,VDF,B_5_4,precision,P2
CRACK02,VDF,B_5_5,precision,P2
CRACK02,MG,B_1_1,ordinary,O1
CRACK02,MG,B_1_2,ordinary,O1
CRACK02,MG,B_1_3,ordinary,O1
CRACK02,MG,B_2_1,ordinary,O1
CRACK02,MG,B_2_2,ordinary,O1
CRACK02,MG,B_2_3,ordinary,O1
CRACK02,MG,B_2_5,ordinary,O2
CRACK02,MG,B_3_1,ordinary,O2
CRACK02,MG,B_3_2,ordinary,O2
CRACK02,MG,B_3_5,ordinary,O2
CRACK02,MG,B_4_1,ordinary,O2
CRACK02,MG,B_4_2,ordinary,O3
CRACK02,MG,B_4_4,ordinary,O3
CRACK02,MG,B_4_5,ordinary,O3
CRACK02,MG,B_5_1,precision,P1
CRACK02,MG,B_5_2,precision,P2
CRACK02,MG,B_6_1,precision,P1
CRACK02,MG,B_6_2,precision,P1
CRACK02,MG,B_6_3,precision,P2
CRACK02,MG-LS,B_1_1,ordinary,O1
CRACK02,MG-LS,B_1_2,ordinary,O1
CRACK02,MG-LS,B_1_3,ordinary,O1
CRACK02,MG-LS,B_2_1,ordinary,O1
CRACK02,MG-LS,B_2_2,ordinary,O1
CRACK02,MG-LS,B_2_3,ordinary,O1
CRACK02,MG-LS,B_2_5,ordinary,O2
CRACK02,MG-LS,B_3_1,ordinary,O2
CRACK02,MG-LS,B_3_2,ordinary,O2
CRACK02,MG-LS,B_3_5,ordinary,O2
CRACK02,MG-LS,B_4_1,ordinary,O2
CRACK02,MG-LS,B_4_2,ordinary,O3
CRACK02,MG-LS,B_4_4,ordinary,O3
CRACK02,MG-LS,B_4_5,ordinary,O3
CRACK02,MG-LS,B_5_1,precision,P1
CRACK02,MG-LS,B_5_2,precision,P2
CRACK02,MG-LS,B_6_1,precision,P1
CRACK02,MG-LS,B_6_2,precision,P1
CRACK02,MG-LS,B_6_3,precision,P2
CRACK03,VF,B_1_1,precision,P1
CRACK03,VF,B_1_3,precision,P1
CRACK03,VF,B_2_1,precision,P1
CRACK03,VF,B_2_3,precision,P2
CRACK03,VF,B_2_5,precision,P2
CRACK03,VF,B_3_1,ordinary,O1
CRACK03,VF,B_3_5,ordinary,O1
CRACK03,VF,B_4_1,ordinary,O1
CRACK03,VF,B_4_4,ordinary,O1
CRACK03,VF,B_4_5,ordinary,O1
CRACK03,VF,B_5_1,ordinary,O1
CRACK03,VF,B_5_3,ordinary,O2
CRACK03,VF,B_5_4,ordinary,O2
CRACK03,VF,B_5_5,ordinary,O2
CRACK03,VF,B_6_1,ordinary,O2
CRACK03,VF,B_6_2,ordinary,O2
CRACK03,VF,B_6_3,ordinary,O3
CRACK03,VF,B_6_4,ordinary,O3
CRACK03,VF,B_6_5,ordinary,O3
CRACK03,VDF,B_1_1,ordinary,O1
CRACK03,VDF,B_1_3,ordinary,O1
CRACK03,VDF,B_2_1,ordinary,O1
CRACK03,VDF,B_2_3,ordinary,O1
CRACK03,VDF,B_2_5,ordinary,O1
CRACK03,VDF,B_3_1,ordinary,O1
CRACK03,VDF,B_3_5,ordinary,O2
CRACK03,VDF,B_4_1,ordinary,O2
CRACK03,VDF,B_4_4,ordinary,O2
CRACK03,VDF,B_4_5,ordinary,O2
CRACK03,VDF,B_5_1,ordinary,O2
CRACK03,VDF,B_5_3,precision,P1
CRACK03,VDF,B_5_4,precision,P1
CRACK03,VDF,B_5_5,precision,P1
CRACK03,VDF,B_6_1,ordinary,O3
CRACK03,VDF,B_6_2,ordinary,O3
CRACK03,VDF,B_6_3,ordinary,O3
CRACK03,VDF,B_6_4,precision,P2
CRACK03,VDF,B_6_5,precision,P2
CRACK03,MG,B_1_1,ordinary,O1
CRACK03,MG,B_1_3,ordinary,O1
CRACK03,MG,B_2_1,ordinary,O1
CRACK03,MG,B_2_3,ordinary,O1
CRACK03,MG,B_2_5,ordinary,O1
CRACK03,MG,B_3_1,ordinary,O1
CRACK03,MG,B_3_5,ordinary,O2
CRACK03,MG,B_4_1,ordinary,O2
CRACK03,MG,B_4_4,ordinary,O2
CRACK03,MG,B_4_5,ordinary,O2
CRACK03,MG,B_5_1,ordinary,O2
CRACK03,MG,B_5_3,ordinary,O3
CRACK03,MG,B_5_4,ordinary,O3
CRACK03,MG,B_5_5,ordinary,O3
CRACK03,MG,B_6_1,precision,P1
CRACK03,MG,B_6_2,precision,P1
CRACK03,MG,B_6_3,precision,P1
CRACK03,MG,B_6_4,precision,P2
CRACK03,MG,B_6_5,precision,P2
CRACK03,MG-LS,B_1_1,ordinary,O1
CRACK03,MG-LS,B_1_3,ordinary,O1
CRACK03,MG-LS,B_2_1,ordinary,O1
CRACK03,MG-LS,B_2_3,ordinary,O1
CRACK03,MG-LS,B_2_5,ordinary,O1
CRACK03,MG-LS,B_3_1,ordinary,O1
CRACK03,MG-LS,B_3_5,ordinary,O2
CRACK03,MG-LS,B_4_1,ordinary,O2
CRACK03,MG-LS,B_4_4,ordinary,O2
CRACK03,MG-LS,B_4_5,ordinary,O2
CRACK03,MG-LS,B_5_1,ordinary,O2
CRACK03,MG-LS,B_5_3,ordinary,O3
CRACK03,MG-LS,B_5_4,ordinary,O3
CRACK03,MG-LS,B_5_5,ordinary,O3
CRACK03,MG-LS,B_6_1,precision,P1
CRACK03,MG-LS,B_6_2,precision,P1
CRACK03,MG-LS,B_6_3,precision,P1
CRACK03,MG-LS,B_6_4,precision,P2
CRACK03,MG-LS,B_6_5,precision,P2
CRACK04,VF,B_1_1,precision,P1
CRACK04,VF,B_1_3,precision,P1
CRACK04,VF,B_1_5,ordinary,O3
CRACK04,VF,B_2_1,precision,P1
CRACK04,VF,B_2_3,precision,P2
CRACK04,VF,B_2_5,precision,P2
CRACK04,VF,B_3_1,ordinary,O1
CRACK04,VF,B_4_1,ordinary,O3
CRACK04,VF,B_4_4,ordinary,O1
CRACK04,VF,B_4_5,ordinary,O1
CRACK04,VF,B_5_1,ordinary,O1
CRACK04,VF,B_5_3,ordinary,O1
CRACK04,VF,B_5_4,ordinary,O1
CRACK04,VF,B_5_5,ordinary,O2
CRACK04,VF,B_6_1,ordinary,O2
CRACK04,VF,B_6_2,ordinary,O2
CRACK04,VF,B_6_3,ordinary,O2
CRACK04,VF,B_6_4,ordinary,O2
CRACK04,VF,B_6_5,ordinary,O3
CRACK04,VDF,B_1_1,ordinary,O1
CRACK04,VDF,B_1_3,ordinary,O1
CRACK04,VDF,B_1_5,precision,P2
CRACK04,VDF,B_2_1,ordinary,O1
CRACK04,VDF,B_2_3,ordinary,O1
CRACK04,VDF,B_2_5,ordinary,O1
CRACK04,VDF,B_3_1,ordinary,O1
CRACK04,VDF,B_4_1,precision,P2
CRACK04,VDF,B_4_4,ordinary,O2
CRACK04,VDF,B_4_5,ordinary,O2
CRACK04,VDF,B_5_1,ordinary,O2
CRACK04,VDF,B_5_3,ordinary,O2
CRACK04,VDF,B_5_4,ordinary,O2
CRACK04,VDF,B_5_5,precision,P1
CRACK04,VDF,B_6_1,precision,P1
CRACK04,VDF,B_6_2,precision,P1
CRACK04,VDF,B_6_3,ordinary,O3
CRACK04,VDF,B_6_4,ordinary,O3
CRACK04,VDF,B_6_5,ordinary,O3
CRACK04,MG,B_1_1,ordinary,O1
CRACK04,MG,B_1_3,ordinary,O1
CRACK04,MG,B_1_4,precision,P2
CRACK04,MG,B_1_5,precision,P2
CRACK04,MG,B_2_1,ordinary,O1
CRACK04,MG,B_2_3,ordinary,O1
CRACK04,MG,B_2_5,ordinary,O1
CRACK04,MG,B_3_1,ordinary,O1
CRACK04,MG,B_4_4,ordinary,O2
CRACK04,MG,B_4_5,ordinary,O2
CRACK04,MG,B_5_1,ordinary,O2
CRACK04,MG,B_5_3,ordinary,O2
CRACK04,MG,B_5_4,ordinary,O2
CRACK04,MG,B_5_5,ordinary,O3
CRACK04,MG,B_6_1,ordinary,O3
CRACK04,MG,B_6_2,ordinary,O3
CRACK04,MG,B_6_3,precision,P1
CRACK04,MG,B_6_4,precision,P1
CRACK04,MG,B_6_5,precision,P1
CRACK04,MG-LS,B_1_1,ordinary,O1
CRACK04,MG-LS,B_1_3,ordinary,O1
CRACK04,MG-LS,B_1_4,precision,P2
CRACK04,MG-LS,B_1_5,precision,P2
CRACK04,MG-LS,B_2_1,ordinary,O1
CRACK04,MG-LS,B_2_3,ordinary,O1
CRACK04,MG-LS,B_2_5,ordinary,O1
CRACK04,MG-LS,B_3_1,ordinary,O1
CRACK04,MG-LS,B_4_4,ordinary,O2
CRACK04,MG-LS,B_4_5,ordinary,O2
CRACK04,MG-LS,B_5_1,ordinary,O2
CRACK04,MG-LS,B_5_3,ordinary,O2
CRACK04,MG-LS,B_5_4,ordinary,O2
CRACK04,MG-LS,B_5_5,ordinary,O3
CRACK04,MG-LS,B_6_1,ordinary,O3
CRACK04,MG-LS,B_6_2,ordinary,O3
CRACK04,MG-LS,B_6_3,precision,P1
CRACK04,MG-LS,B_6_4,precision,P1
CRACK04,MG-LS,B_6_5,precision,P1
CRACK05,VF,B_1_1,precision,P1
CRACK05,VF,B_1_3,precision,P1
CRACK05,VF,B_1_4,ordinary,O3
CRACK05,VF,B_1_5,ordinary,O2
CRACK05,VF,B_2_1,precision,P1
CRACK05,VF,B_2_3,precision,P2
CRACK05,VF,B_2_5,precision,P2
CRACK05,VF,B_3_1,ordinary,O1
CRACK05,VF,B_3_3,ordinary,O3
CRACK05,VF,B_3_5,ordinary,O3
CRACK05,VF,B_4_1,ordinary,O2
CRACK05,VF,B_4_4,ordinary,O1
CRACK05,VF,B_4_5,ordinary,O1
CRACK05,VF,B_5_1,ordinary,O1
CRACK05,VF,B_5_3,ordinary,O2
CRACK05,VF,B_5_5,ordinary,O1
CRACK05,VF,B_6_1,ordinary,O1
CRACK05,VF,B_6_2,ordinary,O2
CRACK05,VF,B_6_5,ordinary,O2
CRACK05,VDF,B_1_1,ordinary,O1
CRACK05,VDF,B_1_3,ordinary,O1
CRACK05,VDF,B_1_4,precision,P2
CRACK05,VDF,B_1_5,ordinary,O3
CRACK05,VDF,B_2_1,ordinary,O1
CRACK05,VDF,B_2_3,ordinary,O1
CRACK05,VDF,B_2_5,ordinary,O1
CRACK05,VDF,B_3_1,ordinary,O1
CRACK05,VDF,B_3_3,precision,P2
CRACK05,VDF,B_4_1,ordinary,O3
CRACK05,VDF,B_4_4,ordinary,O2
CRACK05,VDF,B_4_5,ordinary,O2
CRACK05,VDF,B_5_1,ordinary,O2
CRACK05,VDF,B_5_3,ordinary,O3
CRACK05,VDF,B_5_5,ordinary,O2
CRACK05,VDF,B_6_1,ordinary,O2
CRACK05,VDF,B_6_2,precision,P1
CRACK05,VDF,B_6_5,precision,P1
CRACK05,MG,B_1_1,ordinary,O1
CRACK05,MG,B_1_3,ordinary,O1
CRACK05,MG,B_1_4,precision,P1
CRACK05,MG,B_1_5,precision,P1
CRACK05,MG,B_2_1,ordinary,O1
CRACK05,MG,B_2_3,ordinary,O1
CRACK05,MG,B_2_4,precision,P2
CRACK05,MG,B_2_5,ordinary,O1
CRACK05,MG,B_3_1,ordinary,O1
CRACK05,MG,B_4_1,ordinary,O3
CRACK05,MG,B_4_4,ordinary,O2
CRACK05,MG,B_4_5,ordinary,O2
CRACK05,MG,B_5_1,ordinary,O2
CRACK05,MG,B_5_5,ordinary,O2
CRACK05,MG,B_6_1,ordinary,O2
CRACK05,MG,B_6_2,ordinary,O3
CRACK05,MG,B_6_5,ordinary,O3
CRACK05,MG-LS,B_1_1,ordinary,O1
CRACK05,MG-LS,B_1_2,precision,P2
CRACK05,MG-LS,B_1_3,precision,P2
CRACK05,MG-LS,B_1_4,precision,P1
CRACK05,MG-LS,B_1_5,precision,P1
CRACK05,MG-LS,B_2_1,ordinary,O1
CRACK05,MG-LS,B_2_3,ordinary,O1
CRACK05,MG-LS,B_2_4,ordinary,O1
CRACK05,MG-LS,B_2_5,ordinary,O1
CRACK05,MG-LS,B_3_1,ordinary,O1
CRACK05,MG-LS,B_4_1,ordinary,O3
CRACK05,MG-LS,B_4_4,ordinary,O2
CRACK05,MG-LS,B_4_5,ordinary,O2
CRACK05,MG-LS,B_5_1,ordinary,O2
CRACK05,MG-LS,B_5_5,ordinary,O2
CRACK05,MG-LS,B_6_1,ordinary,O2
CRACK05,MG-LS,B_6_2,ordinary,O3
CRACK05,MG-LS,B_6_5,ordinary,O3
CRACK06,VF,B_1_1,precision,P1
CRACK06,VF,B_1_2,ordinary,O3
CRACK06,VF,B_1_3,precision,P1
CRACK06,VF,B_1_4,ordinary,O2
CRACK06,VF,B_1_5,ordinary,O2
CRACK06,VF,B_2_1,precision,P1
CRACK06,VF,B_2_3,precision,P2
CRACK06,VF,B_2_5,precision,P2
CRACK06,VF,B_3_1,ordinary,O1
CRACK06,VF,B_3_3,ordinary,O3
CRACK06,VF,B_3_5,ordinary,O3
CRACK06,VF,B_4_4,ordinary,O1
CRACK06,VF,B_4_5,ordinary,O1
CRACK06,VF,B_5_1,ordinary,O1
CRACK06,VF,B_5_3,ordinary,O2
CRACK06,VF,B_5_5,ordinary,O1
CRACK06,VF,B_6_1,ordinary,O1
CRACK06,VF,B_6_5,ordinary,O2
CRACK06,VDF,B_1_1,ordinary,O1
CRACK06,VDF,B_1_3,ordinary,O1
CRACK06,VDF,B_1_4,ordinary,O3
CRACK06,VDF,B_1_5,precision,P1
CRACK06,VDF,B_2_1,ordinary,O1
CRACK06,VDF,B_2_3,ordinary,O1
CRACK06,VDF,B_2_5,ordinary,O1
CRACK06,VDF,B_3_1,ordinary,O1
CRACK06,VDF,B_3_3,ordinary,O3
CRACK06,VDF,B_3_5,precision,P2
CRACK06,VDF,B_4_4,ordinary,O2
CRACK06,VDF,B_4_5,ordinary,O2
CRACK06,VDF,B_5_1,ordinary,O2
CRACK06,VDF,B_5_3,ordinary,O3
CRACK06,VDF,B_5_5,ordinary,O2
CRACK06,VDF,B_6_1,ordinary,O2
CRACK06,VDF,B_6_5,precision,P1
CRACK06,MG,B_1_1,ordinary,O1
CRACK06,MG,B_1_3,ordinary,O1
CRACK06,MG,B_1_4,precision,P1
CRACK06,MG,B_1_5,ordinary,O3
CRACK06,MG,B_2_1,ordinary,O1
CRACK06,MG,B_2_3,ordinary,O1
CRACK06,MG,B_2_4,precision,P1
CRACK06,MG,B_2_5,ordinary,O1
CRACK06,MG,B_3_1,ordinary,O1
CRACK06,MG,B_3_4,precision,P2
CRACK06,MG,B_4_4,ordinary,O2
CRACK06,MG,B_4_5,ordinary,O2
CRACK06,MG,B_5_1,ordinary,O2
CRACK06,MG,B_5_3,ordinary,O3
CRACK06,MG,B_5_5,ordinary,O2
CRACK06,MG,B_6_1,ordinary,O2
CRACK06,MG,B_6_5,ordinary,O3
CRACK06,MG-LS,B_1_1,ordinary,O1
CRACK06,MG-LS,B_1_3,precision,P2
CRACK06,MG-LS,B_1_4,precision,P1
CRACK06,MG-LS,B_1_5,ordinary,O3
CRACK06,MG-LS,B_2_1,ordinary,O1
CRACK06,MG-LS,B_2_3,precision,P2
CRACK06,MG-LS,B_2_4,precision,P1
CRACK06,MG-LS,B_2_5,ordinary,O1
CRACK06,MG-LS,B_3_1,ordinary,O1
CRACK06,MG-LS,B_3_4,ordinary,O1
CRACK06,MG-LS,B_4_4,ordinary,O2
CRACK06,MG-LS,B_4_5,ordinary,O2
CRACK06,MG-LS,B_5_1,ordinary,O2
CRACK06,MG-LS,B_5_3,ordinary,O3
CRACK06,MG-LS,B_5_5,ordinary,O2
CRACK06,MG-LS,B_6_1,ordinary,O2
CRACK06,MG-LS,B_6_5,ordinary,O3
DEVICE01,VF,B_1_1,precision,P1
DEVICE01,VF,B_1_3,precision,P2
DEVICE01,VF,B_2_1,ordinary,O1
DEVICE01,VF,B_2_3,ordinary,O1
DEVICE01,VF,B_2_5,ordinary,O1
DEVICE01,VF,B_3_1,ordinary,O2
DEVICE01,VF,B_3_5,ordinary,O2
DEVICE01,VF,B_4_1,ordinary,O3
DEVICE01,VDF,B_1_1,ordinary,O1
DEVICE01,VDF,B_1_3,ordinary,O1
DEVICE01,VDF,B_2_1,ordinary,O1
DEVICE01,VDF,B_2_3,ordinary,O2
DEVICE01,VDF,B_2_5,ordinary,O2
DEVICE01,VDF,B_3_1,precision,P1
DEVICE01,VDF,B_3_5,ordinary,O3
DEVICE01,VDF,B_4_1,precision,P2
DEVICE01,MG,B_1_1,ordinary,O1
DEVICE01,MG,B_1_3,ordinary,O1
DEVICE01,MG,B_2_1,ordinary,O1
DEVICE01,MG,B_2_3,ordinary,O2
DEVICE01,MG,B_2_5,ordinary,O2
DEVICE01,MG,B_3_1,ordinary,O3
DEVICE01,MG,B_5_1,precision,P2
DEVICE01,MG,B_6_1,precision,P1
DEVICE01,MG-LS,B_1_1,ordinary,O1
DEVICE01,MG-LS,B_1_3,ordinary,O1
DEVICE01,MG-LS,B_2_1,ordinary,O1
DEVICE01,MG-LS,B_2_3,ordinary,O2
DEVICE01,MG-LS,B_2_5,ordinary,O2
DEVICE01,MG-LS,B_3_1,ordinary,O3
DEVICE01,MG-LS,B_5_1,precision,P2
DEVICE01,MG-LS,B_6_1,precision,P1
DEVICE02,VF,B_1_1,precision,P1
DEVICE02,VF,B_1_3,precision,P1
DEVICE02,VF,B_2_1,precision,P2
DEVICE02,VF,B_2_3,ordinary,O1
DEVICE02,VF,B_2_5,ordinary,O1
DEVICE02,VF,B_3_1,ordinary,O1
DEVICE02,VF,B_3_5,ordinary,O1
DEVICE02,VF,B_4_1,ordinary,O1
DEVICE02,VF,B_4_4,ordinary,O2
DEVICE02,VF,B_4_5,ordinary,O2
DEVICE02,VF,B_5_1,ordinary,O2
DEVICE02,VF,B_5_3,ordinary,O3
DEVICE02,VF,B_5_4,ordinary,O3
DEVICE02,VDF,B_1_1,ordinary,O1
DEVICE02,VDF,B_1_3,ordinary,O1
DEVICE02,VDF,B_2_1,ordinary,O1
DEVICE02,VDF,B_2_3,ordinary,O1
DEVICE02,VDF,B_2_5,ordinary,O1
DEVICE02,VDF,B_3_1,ordinary,O2
DEVICE02,VDF,B_3_5,ordinary,O2
DEVICE02,VDF,B_4_1,ordinary,O2
DEVICE02,VDF,B_4_4,precision,P1
DEVICE02,VDF,B_4_5,precision,P1
DEVICE02,VDF,B_5_1,ordinary,O3
DEVICE02,VDF,B_5_3,ordinary,O3
DEVICE02,VDF,B_5_4,precision,P2
DEVICE02,MG,B_1_1,ordinary,O1
DEVICE02,MG,B_1_3,ordinary,O1
DEVICE02,MG,B_2_1,ordinary,O1
DEVICE02,MG,B_2_3,ordinary,O1
DEVICE02,MG,B_2_5,ordinary,O1
DEVICE02,MG,B_3_1,ordinary,O2
DEVICE02,MG,B_3_5,ordinary,O2
DEVICE02,MG,B_4_1,ordinary,O2
DEVICE02,MG,B_4_4,ordinary,O3
DEVICE02,MG,B_4_5,ordinary,O3
DEVICE02,MG,B_5_1,precision,P1
DEVICE02,MG,B_6_1,precision,P1
DEVICE02,MG,B_6_2,precision,P2
DEVICE02,MG-LS,B_1_1,ordinary,O1
DEVICE02,MG-LS,B_1_3,ordinary,O1
DEVICE02,MG-LS,B_2_1,ordinary,O1
DEVICE02,MG-LS,B_2_3,ordinary,O1
DEVICE02,MG-LS,B_2_5,ordinary,O1
DEVICE02,MG-LS,B_3_1,ordinary,O2
DEVICE02,MG-LS,B_3_5,ordinary,O2
DEVICE02,MG-LS,B_4_1,ordinary,O2
DEVICE02,MG-LS,B_4_4,ordinary,O3
DEVICE02,MG-LS,B_4_5,ordinary,O3
DEVICE02,MG-LS,B_5_1,precision,P1
DEVICE02,MG-LS,B_6_1,precision,P1
DEVICE02,MG-LS,B_6_2,precision,P2
DEVICE03,VF,B_1_1,precision,P1
DEVICE03,VF,B_1_3,precision,P1
DEVICE03,VF,B_2_1,precision,P1
DEVICE03,VF,B_2_3,precision,P2
DEVICE03,VF,B_2_5,precision,P2
DEVICE03,VF,B_3_1,ordinary,O1
DEVICE03,VF,B_3_5,ordinary,O1
DEVICE03,VF,B_4_1,ordinary,O1
DEVICE03,VF,B_4_4,ordinary,O1
DEVICE03,VF,B_4_5,ordinary,O1
DEVICE03,VF,B_5_1,ordinary,O1
DEVICE03,VF,B_5_3,ordinary,O2
DEVICE03,VF,B_5_4,ordinary,O2
DEVICE03,VF,B_5_5,ordinary,O2
DEVICE03,VF,B_6_1,ordinary,O2
DEVICE03,VF,B_6_2,ordinary,O2
DEVICE03,VF,B_6_3,ordinary,O3
DEVICE03,VF,B_6_4,ordinary,O3
DEVICE03,VF,B_6_5,ordinary,O3
DEVICE03,VDF,B_1_1,ordinary,O1
DEVICE03,VDF,B_1_3,ordinary,O1
DEVICE03,VDF,B_2_1,ordinary,O1
DEVICE03,VDF,B_2_3,ordinary,O1
DEVICE03,VDF,B_2_5,ordinary,O1
DEVICE03,VDF,B_3_1,ordinary,O1
DEVICE03,VDF,B_3_5,ordinary,O2
DEVICE03,VDF,B_4_1,ordinary,O2
DEVICE03,VDF,B_4_4,ordinary,O2
DEVICE03,VDF,B_4_5,ordinary,O2
DEVICE03,VDF,B_5_1,ordinary,O2
DEVICE03,VDF,B_5_3,precision,P1
DEVICE03,VDF,B_5_4,precision,P1
DEVICE03,VDF,B_5_5,precision,P1
DEVICE03,VDF,B_6_1,ordinary,O3
DEVICE03,VDF,B_6_2,ordinary,O3
DEVICE03,VDF,B_6_3,ordinary,O3
DEVICE03,VDF,B_6_4,precision,P2
DEVICE03,VDF,B_6_5,precision,P2
DEVICE03,MG,B_1_1,ordinary,O1
DEVICE03,MG,B_1_3,ordinary,O1
DEVICE03,MG,B_2_1,ordinary,O1
DEVICE03,MG,B_2_3,ordinary,O1
DEVICE03,MG,B_2_5,ordinary,O1
DEVICE03,MG,B_3_1,ordinary,O1
DEVICE03,MG,B_3_5,ordinary,O2
DEVICE03,MG,B_4_1,ordinary,O2
DEVICE03,MG,B_4_4,ordinary,O2
DEVICE03,MG,B_4_5,ordinary,O2
DEVICE03,MG,B_5_1,ordinary,O2
DEVICE03,MG,B_5_3,ordinary,O3
DEVICE03,MG,B_5_4,ordinary,O3
DEVICE03,MG,B_5_5,ordinary,O3
DEVICE03,MG,B_6_1,precision,P1
DEVICE03,MG,B_6_2,precision,P1
DEVICE03,MG,B_6_3,precision,P1
DEVICE03,MG,B_6_4,precision,P2
DEVICE03,MG,B_6_5,precision,P2
DEVICE03,MG-LS,B_1_1,ordinary,O1
DEVICE03,MG-LS,B_1_3,ordinary,O1
DEVICE03,MG-LS,B_2_1,ordinary,O1
DEVICE03,MG-LS,B_2_3,ordinary,O1
DEVICE03,MG-LS,B_2_5,ordinary,O1
DEVICE03,MG-LS,B_3_1,ordinary,O1
DEVICE03,MG-LS,B_3_5,ordinary,O2
DEVICE03,MG-LS,B_4_1,ordinary,O2
DEVICE03,MG-LS,B_4_4,ordinary,O2
DEVICE03,MG-LS,B_4_5,ordinary,O2
DEVICE03,MG-LS,B_5_1,ordinary,O2
DEVICE03,MG-LS,B_5_3,ordinary,O3
DEVICE03,MG-LS,B_5_4,ordinary,O3
DEVICE03,MG-LS,B_5_5,ordinary,O3
DEVICE03,MG-LS,B_6_1,precision,P1
DEVICE03,MG-LS,B_6_2,precision,P1
DEVICE03,MG-LS,B_6_3,precision,P1
DEVICE03,MG-LS,B_6_4,precision,P2
DEVICE03,MG-LS,B_6_5,precision,P2
DEVICE04,VF,B_1_1,precision,P1
DEVICE04,VF,B_1_2,ordinary,O3
DEVICE04,VF,B_1_3,precision,P1
DEVICE04,VF,B_1_4,ordinary,O3
DEVICE04,VF,B_1_5,ordinary,O3
DEVICE04,VF,B_2_1,precision,P1
DEVICE04,VF,B_2_3,precision,P2
DEVICE04,VF,B_2_5,precision,P2
DEVICE04,VF,B_3_1,ordinary,O1
DEVICE04,VF,B_3_3,ordinary,O3
DEVICE04,VF,B_3_5,ordinary,O1
DEVICE04,VF,B_4_1,ordinary,O1
DEVICE04,VF,B_4_4,ordinary,O1
DEVICE04,VF,B_4_5,ordinary,O1
DEVICE04,VF,B_5_1,ordinary,O1
DEVICE04,VF,B_5_3,ordinary,O1
DEVICE04,VF,B_5_4,ordinary,O1
DEVICE04,VF,B_5_5,ordinary,O2
DEVICE04,VF,B_6_1,ordinary,O2
DEVICE04,VF,B_6_2,ordinary,O2
DEVICE04,VF,B_6_3,ordinary,O2
DEVICE04,VF,B_6_4,ordinary,O2
DEVICE04,VF,B_6_5,ordinary,O2
DEVICE04,VDF,B_1_1,ordinary,O1
DEVICE04,VDF,B_1_2,precision,P2
DEVICE04,VDF,B_1_3,ordinary,O1
DEVICE04,VDF,B_1_4,precision,P2
DEVICE04,VDF,B_1_5,ordinary,O3
DEVICE04,VDF,B_2_1,ordinary,O1
DEVICE04,VDF,B_2_3,ordinary,O1
DEVICE04,VDF,B_2_5,ordinary,O1
DEVICE04,VDF,B_3_1,ordinary,O1
DEVICE04,VDF,B_3_3,ordinary,O3
DEVICE04,VDF,B_3_5,ordinary,O1
DEVICE04,VDF,B_4_1,ordinary,O1
DEVICE04,VDF,B_4_4,ordinary,O2
DEVICE04,VDF,B_4_5,ordinary,O2
DEVICE04,VDF,B_5_1,ordinary,O2
DEVICE04,VDF,B_5_3,ordinary,O2
DEVICE04,VDF,B_5_4,ordinary,O2
DEVICE04,VDF,B_5_5,ordinary,O2
DEVICE04,VDF,B_6_1,precision,P1
DEVICE04,VDF,B_6_2,precision,P1
DEVICE04,VDF,B_6_3,precision,P1
DEVICE04,VDF,B_6_4,ordinary,O3
DEVICE04,VDF,B_6_5,ordinary,O3
DEVICE04,MG,B_1_1,ordinary,O1
DEVICE04,MG,B_1_3,ordinary,O1
DEVICE04,MG,B_1_4,precision,P1
DEVICE04,MG,B_1_5,precision,P1
DEVICE04,MG,B_2_1,ordinary,O1
DEVICE04,MG,B_2_3,ordinary,O1
DEVICE04,MG,B_2_4,precision,P2
DEVICE04,MG,B_2_5,ordinary,O1
DEVICE04,MG,B_3_1,ordinary,O1
DEVICE04,MG,B_3_4,precision,P2
DEVICE04,MG,B_3_5,ordinary,O1
DEVICE04,MG,B_4_1,ordinary,O1
DEVICE04,MG,B_4_4,ordinary,O2
DEVICE04,MG,B_4_5,ordinary,O2
DEVICE04,MG,B_5_1,ordinary,O2
DEVICE04,MG,B_5_3,ordinary,O2
DEVICE04,MG,B_5_4,ordinary,O2
DEVICE04,MG,B_5_5,ordinary,O2
DEVICE04,MG,B_6_1,ordinary,O3
DEVICE04,MG,B_6_2,ordinary,O3
DEVICE04,MG,B_6_3,ordinary,O3
DEVICE04,MG,B_6_4,ordinary,O3
DEVICE04,MG,B_6_5,precision,P1
DEVICE04,MG-LS,B_1_1,ordinary,O1
DEVICE04,MG-LS,B_1_3,precision,P2
DEVICE04,MG-LS,B_1_4,precision,P1
DEVICE04,MG-LS,B_1_5,precision,P1
DEVICE04,MG-LS,B_2_1,ordinary,O1
DEVICE04,MG-LS,B_2_3,ordinary,O1
DEVICE04,MG-LS,B_2_4,precision,P2
DEVICE04,MG-LS,B_2_5,precision,P1
DEVICE04,MG-LS,B_3_1,ordinary,O1
DEVICE04,MG-LS,B_3_4,ordinary,O1
DEVICE04,MG-LS,B_3_5,ordinary,O1
DEVICE04,MG-LS,B_4_1,ordinary,O1
DEVICE04,MG-LS,B_4_4,ordinary,O2
DEVICE04,MG-LS,B_4_5,ordinary,O2
DEVICE04,MG-LS,B_5_1,ordinary,O2
DEVICE04,MG-LS,B_5_3,ordinary,O2
DEVICE04,MG-LS,B_5_4,ordinary,O2
DEVICE04,MG-LS,B_5_5,ordinary,O2
DEVICE04,MG-LS,B_6_1,ordinary,O3
DEVICE04,MG-LS,B_6_2,ordinary,O3
DEVICE04,MG-LS,B_6_3,ordinary,O3
DEVICE04,MG-LS,B_6_4,ordinary,O3
DEVICE04,MG-LS,B_6_5,ordinary,O1
DEVICE05,VF,B_1_1,precision,P1
DEVICE05,VF,B_1_2,ordinary,O2
DEVICE05,VF,B_1_3,precision,P1
DEVICE05,VF,B_1_4,ordinary,O2
DEVICE05,VF,B_1_5,ordinary,O2
DEVICE05,VF,B_2_1,precision,P1
DEVICE05,VF,B_2_3,precision,P1
DEVICE05,VF,B_2_4,ordinary,O3
DEVICE05,VF,B_2_5,precision,P2
DEVICE05,VF,B_3_1,precision,P2
DEVICE05,VF,B_3_3,ordinary,O2
DEVICE05,VF,B_3_4,ordinary,O3
DEVICE05,VF,B_3_5,precision,P2
DEVICE05,VF,B_4_1,ordinary,O1
DEVICE05,VF,B_4_2,ordinary,O3
DEVICE05,VF,B_4_3,ordinary,O2
DEVICE05,VF,B_4_4,ordinary,O1
DEVICE05,VF,B_4_5,ordinary,O1
DEVICE05,VF,B_5_1,ordinary,O1
DEVICE05,VF,B_5_2,ordinary,O3
DEVICE05,VF,B_5_3,ordinary,O1
DEVICE05,VF,B_5_4,ordinary,O1
DEVICE05,VF,B_5_5,ordinary,O1
DEVICE05,VF,B_6_1,ordinary,O1
DEVICE05,VF,B_6_2,ordinary,O1
DEVICE05,VF,B_6_3,ordinary,O1
DEVICE05,VF,B_6_4,ordinary,O2
DEVICE05,VF,B_6_5,ordinary,O2
DEVICE05,VDF,B_1_1,ordinary,O1
DEVICE05,VDF,B_1_2,ordinary,O3
DEVICE05,VDF,B_1_3,ordinary,O1
DEVICE05,VDF,B_1_4,ordinary,O3
DEVICE05,VDF,B_1_5,precision,P1
DEVICE05,VDF,B_2_1,ordinary,O1
DEVICE05,VDF,B_2_3,ordinary,O1
DEVICE05,VDF,B_2_4,precision,P2
DEVICE05,VDF,B_2_5,ordinary,O1
DEVICE05,VDF,B_3_1,ordinary,O1
DEVICE05,VDF,B_3_3,precision,P1
DEVICE05,VDF,B_3_4,precision,P2
DEVICE05,VDF,B_3_5,ordinary,O1
DEVICE05,VDF,B_4_1,ordinary,O1
DEVICE05,VDF,B_4_3,ordinary,O3
DEVICE05,VDF,B_4_4,ordinary,O1
DEVICE05,VDF,B_4_5,ordinary,O1
DEVICE05,VDF,B_5_1,ordinary,O2
DEVICE05,VDF,B_5_2,ordinary,O3
DEVICE05,VDF,B_5_3,ordinary,O2
DEVICE05,VDF,B_5_4,ordinary,O2
DEVICE05,VDF,B_5_5,ordinary,O2
DEVICE05,VDF,B_6_1,ordinary,O2
DEVICE05,VDF,B_6_2,ordinary,O2
DEVICE05,VDF,B_6_3,ordinary,O2
DEVICE05,VDF,B_6_4,precision,P1
DEVICE05,VDF,B_6_5,precision,P1
DEVICE05,MG,B_1_1,ordinary,O1
DEVICE05,MG,B_1_2,precision,P1
DEVICE05,MG,B_1_3,ordinary,O1
DEVICE05,MG,B_1_4,ordinary,O3
DEVICE05,MG,B_1_5,ordinary,O3
DEVICE05,MG,B_2_1,ordinary,O1
DEVICE05,MG,B_2_2,precision,P1
DEVICE05,MG,B_2_3,ordinary,O1
DEVICE05,MG,B_2_5,ordinary,O1
DEVICE05,MG,B_3_1,ordinary,O1
DEVICE05,MG,B_3_2,precision,P1
DEVICE05,MG,B_3_3,ordinary,O3
DEVICE05,MG,B_3_5,ordinary,O1
DEVICE05,MG,B_4_1,ordinary,O1
DEVICE05,MG,B_4_2,precision,P2
DEVICE05,MG,B_4_3,precision,P2
DEVICE05,MG,B_4_4,ordinary,O1
DEVICE05,MG,B_4_5,ordinary,O1
DEVICE05,MG,B_5_1,ordinary,O2
DEVICE05,MG,B_5_3,ordinary,O2
DEVICE05,MG,B_5_4,ordinary,O2
DEVICE05,MG,B_5_5,ordinary,O2
DEVICE05,MG,B_6_1,ordinary,O2
DEVICE05,MG,B_6_2,ordinary,O2
DEVICE05,MG,B_6_3,ordinary,O2
DEVICE05,MG,B_6_4,ordinary,O3
DEVICE05,MG,B_6_5,ordinary,O3
DEVICE05,MG-LS,B_1_1,ordinary,O1
DEVICE05,MG-LS,B_1_2,ordinary,O3
DEVICE05,MG-LS,B_1_3,ordinary,O1
DEVICE05,MG-LS,B_1_4,ordinary,O3
DEVICE05,MG-LS,B_1_5,ordinary,O3
DEVICE05,MG-LS,B_2_1,ordinary,O1
DEVICE05,MG-LS,B_2_2,precision,P1
DEVICE05,MG-LS,B_2_3,ordinary,O1
DEVICE05,MG-LS,B_2_5,ordinary,O1
DEVICE05,MG-LS,B_3_1,ordinary,O1
DEVICE05,MG-LS,B_3_2,precision,P1
DEVICE05,MG-LS,B_3_3,precision,P1
DEVICE05,MG-LS,B_3_5,ordinary,O1
DEVICE05,MG-LS,B_4_1,ordinary,O1
DEVICE05,MG-LS,B_4_2,precision,P2
DEVICE05,MG-LS,B_4_3,precision,P2
DEVICE05,MG-LS,B_4_4,ordinary,O1
DEVICE05,MG-LS,B_4_5,ordinary,O1
DEVICE05,MG-LS,B_5_1,ordinary,O2
DEVICE05,MG-LS,B_5_3,ordinary,O2
DEVICE05,MG-LS,B_5_4,ordinary,O2
DEVICE05,MG-LS,B_5_5,ordinary,O2
DEVICE05,MG-LS,B_6_1,ordinary,O2
DEVICE05,MG-LS,B_6_2,ordinary,O2
DEVICE05,MG-LS,B_6_3,ordinary,O2
DEVICE05,MG-LS,B_6_4,ordinary,O3
DEVICE05,MG-LS,B_6_5,ordinary,O3
DEVICE06,VF,B_1_1,precision,P1
DEVICE06,VF,B_1_2,ordinary,O2
DEVICE06,VF,B_1_3,precision,P1
DEVICE06,VF,B_1_4,ordinary,O2
DEVICE06,VF,B_1_5,ordinary,O2
DEVICE06,VF,B_2_1,precision,P1
DEVICE06,VF,B_2_2,ordinary,O3
DEVICE06,VF,B_2_3,precision,P1
DEVICE06,VF,B_2_4,ordinary,O3
DEVICE06,VF,B_2_5,precision,P1
DEVICE06,VF,B_3_1,precision,P2
DEVICE06,VF,B_3_2,ordinary,O3
DEVICE06,VF,B_3_3,ordinary,O2
DEVICE06,VF,B_3_4,ordinary,O2
DEVICE06,VF,B_3_5,precision,P2
DEVICE06,VF,B_4_1,precision,P2
DEVICE06,VF,B_4_2,ordinary,O3
DEVICE06,VF,B_4_3,ordinary,O2
DEVICE06,VF,B_4_4,ordinary,O1
DEVICE06,VF,B_4_5,ordinary,O1
DEVICE06,VF,B_5_1,ordinary,O1
DEVICE06,VF,B_5_2,ordinary,O2
DEVICE06,VF,B_5_3,ordinary,O1
DEVICE06,VF,B_5_4,ordinary,O1
DEVICE06,VF,B_5_5,ordinary,O1
DEVICE06,VF,B_6_1,ordinary,O1
DEVICE06,VF,B_6_2,ordinary,O1
DEVICE06,VF,B_6_3,ordinary,O1
DEVICE06,VF,B_6_4,ordinary,O1
DEVICE06,VF,B_6_5,ordinary,O1
DEVICE06,VDF,B_1_1,ordinary,O1
DEVICE06,VDF,B_1_2,precision,P1
DEVICE06,VDF,B_1_3,ordinary,O1
DEVICE06,VDF,B_1_4,precision,P1
DEVICE06,VDF,B_1_5,ordinary,O2
DEVICE06,VDF,B_2_1,ordinary,O1
DEVICE06,VDF,B_2_2,ordinary,O3
DEVICE06,VDF,B_2_3,ordinary,O1
DEVICE06,VDF,B_2_4,ordinary,O3
DEVICE06,VDF,B_2_5,ordinary,O1
DEVICE06,VDF,B_3_1,ordinary,O1
DEVICE06,VDF,B_3_2,precision,P2
DEVICE06,VDF,B_3_3,precision,P1
DEVICE06,VDF,B_3_4,ordinary,O3
DEVICE06,VDF,B_3_5,ordinary,O1
DEVICE06,VDF,B_4_1,ordinary,O1
DEVICE06,VDF,B_4_2,ordinary,O3
DEVICE06,VDF,B_4_3,precision,P1
DEVICE06,VDF,B_4_4,ordinary,O1
DEVICE06,VDF,B_4_5,ordinary,O1
DEVICE06,VDF,B_5_1,ordinary,O1
DEVICE06,VDF,B_5_2,ordinary,O3
DEVICE06,VDF,B_5_3,ordinary,O2
DEVICE06,VDF,B_5_4,ordinary,O2
DEVICE06,VDF,B_5_5,ordinary,O2
DEVICE06,VDF,B_6_1,ordinary,O2
DEVICE06,VDF,B_6_2,ordinary,O2
DEVICE06,VDF,B_6_3,ordinary,O2
DEVICE06,VDF,B_6_4,ordinary,O2
DEVICE06,VDF,B_6_5,ordinary,O2
DEVICE06,MG,B_1_1,ordinary,O1
DEVICE06,MG,B_1_2,ordinary,O3
DEVICE06,MG,B_1_3,ordinary,O1
DEVICE06,MG,B_1_4,ordinary,O3
DEVICE06,MG,B_1_5,ordinary,O2
DEVICE06,MG,B_2_1,ordinary,O1
DEVICE06,MG,B_2_3,ordinary,O1
DEVICE06,MG,B_2_5,ordinary,O1
DEVICE06,MG,B_3_1,ordinary,O1
DEVICE06,MG,B_3_3,ordinary,O3
DEVICE06,MG,B_3_5,ordinary,O1
DEVICE06,MG,B_4_1,ordinary,O1
DEVICE06,MG,B_4_3,ordinary,O3
DEVICE06,MG,B_4_4,ordinary,O1
DEVICE06,MG,B_4_5,ordinary,O1
DEVICE06,MG,B_5_1,ordinary,O1
DEVICE06,MG,B_5_2,ordinary,O3
DEVICE06,MG,B_5_3,ordinary,O2
DEVICE06,MG,B_5_4,ordinary,O2
DEVICE06,MG,B_5_5,ordinary,O2
DEVICE06,MG,B_6_1,ordinary,O2
DEVICE06,MG,B_6_2,ordinary,O2
DEVICE06,MG,B_6_3,ordinary,O2
DEVICE06,MG,B_6_4,ordinary,O2
DEVICE06,MG,B_6_5,ordinary,O2
DEVICE06,MG-LS,B_1_1,ordinary,O1
DEVICE06,MG-LS,B_1_2,ordinary,O3
DEVICE06,MG-LS,B_1_3,ordinary,O1
DEVICE06,MG-LS,B_1_4,ordinary,O3
DEVICE06,MG-LS,B_1_5,ordinary,O2
DEVICE06,MG-LS,B_2_1,ordinary,O1
DEVICE06,MG-LS,B_2_3,ordinary,O1
DEVICE06,MG-LS,B_2_5,ordinary,O1
DEVICE06,MG-LS,B_3_1,ordinary,O1
DEVICE06,MG-LS,B_3_3,ordinary,O3
DEVICE06,MG-LS,B_3_5,ordinary,O1
DEVICE06,MG-LS,B_4_1,ordinary,O1
DEVICE06,MG-LS,B_4_3,ordinary,O3
DEVICE06,MG-LS,B_4_4,ordinary,O1
DEVICE06,MG-LS,B_4_5,ordinary,O1
DEVICE06,MG-LS,B_5_1,ordinary,O1
DEVICE06,MG-LS,B_5_2,ordinary,O3
DEVICE06,MG-LS,B_5_3,ordinary,O2
DEVICE06,MG-LS,B_5_4,ordinary,O2
DEVICE06,MG-LS,B_5_5,ordinary,O2
DEVICE06,MG-LS,B_6_1,ordinary,O2
DEVICE06,MG-LS,B_6_2,ordinary,O2
DEVICE06,MG-LS,B_6_3,ordinary,O2
DEVICE06,MG-LS,B_6_4,ordinary,O2
DEVICE06,MG-LS,B_6_5,ordinary,O2
SCALE01,VF,B_1_1,ordinary,O1
SCALE01,VF,B_1_2,precision,P1
SCALE01,VF,B_1_3,ordinary,O1
SCALE01,VF,B_2_1,ordinary,O2
SCALE01,VF,B_2_2,ordinary,O1
SCALE01,VF,B_2_3,ordinary,O1
SCALE01,VF,B_3_1,ordinary,O1
SCALE01,VF,B_3_2,ordinary,O2
SCALE01,VF,B_3_3,precision,P1
SCALE01,VF,B_4_1,precision,P1
SCALE01,VF,B_4_2,precision,P2
SCALE01,VF,B_4_3,precision,P2
SCALE01,VDF,B_1_1,ordinary,O2
SCALE01,VDF,B_1_2,ordinary,O1
SCALE01,VDF,B_1_3,ordinary,O2
SCALE01,VDF,B_2_1,precision,P1
SCALE01,VDF,B_2_2,ordinary,O2
SCALE01,VDF,B_2_3,ordinary,O1
SCALE01,VDF,B_3_1,ordinary,O2
SCALE01,VDF,B_3_2,precision,P1
SCALE01,VDF,B_3_3,ordinary,O1
SCALE01,VDF,B_4_1,ordinary,O1
SCALE01,VDF,B_4_2,ordinary,O1
SCALE01,VDF,B_4_3,ordinary,O1
SCALE01,MG,B_1_1,ordinary,O2
SCALE01,MG,B_1_2,ordinary,O1
SCALE01,MG,B_1_3,ordinary,O2
SCALE01,MG,B_2_1,ordinary,O3
SCALE01,MG,B_2_2,ordinary,O2
SCALE01,MG,B_2_3,ordinary,O1
SCALE01,MG,B_3_1,ordinary,O2
SCALE01,MG,B_3_2,ordinary,O3
SCALE01,MG,B_3_3,ordinary,O1
SCALE01,MG,B_4_1,ordinary,O1
SCALE01,MG,B_4_2,ordinary,O1
SCALE01,MG,B_4_3,ordinary,O1
SCALE01,MG-LS,B_1_1,ordinary,O1
SCALE01,MG-LS,B_1_2,precision,P2
SCALE01,MG-LS,B_1_3,precision,P2
SCALE01,MG-LS,B_2_1,ordinary,O3
SCALE01,MG-LS,B_2_2,precision,P1
SCALE01,MG-LS,B_2_3,precision,P1
SCALE01,MG-LS,B_3_1,ordinary,O2
SCALE01,MG-LS,B_3_2,ordinary,O3
SCALE01,MG-LS,B_3_3,ordinary,O1
SCALE01,MG-LS,B_4_1,ordinary,O1
SCALE01,MG-LS,B_4_2,ordinary,O1
SCALE01,MG-LS,B_4_3,ordinary,O1
SCALE02,VF,B_1_1,ordinary,O2
SCALE02,VF,B_1_2,ordinary,O2
SCALE02,VF,B_1_3,ordinary,O1
SCALE02,VF,B_1_4,ordinary,O2
SCALE02,VF,B_2_1,precision,P1
SCALE02,VF,B_2_3,ordinary,O3
SCALE02,VF,B_2_4,precision,P1
SCALE02,VF,B_3_1,precision,P1
SCALE02,VF,B_3_3,ordinary,O3
SCALE02,VF,B_3_4,precision,P2
SCALE02,VF,B_4_1,precision,P2
SCALE02,VF,B_4_3,ordinary,O2
SCALE02,VF,B_4_4,ordinary,O1
SCALE02,VF,B_5_1,ordinary,O1
SCALE02,VF,B_5_2,ordinary,O1
SCALE02,VF,B_5_3,ordinary,O1
SCALE02,VF,B_5_4,ordinary,O1
SCALE02,VDF,B_1_1,precision,P1
SCALE02,VDF,B_1_2,ordinary,O3
SCALE02,VDF,B_1_3,ordinary,O2
SCALE02,VDF,B_1_4,ordinary,O3
SCALE02,VDF,B_2_1,ordinary,O1
SCALE02,VDF,B_2_3,ordinary,O3
SCALE02,VDF,B_2_4,ordinary,O1
SCALE02,VDF,B_3_1,ordinary,O1
SCALE02,VDF,B_3_3,precision,P2
SCALE02,VDF,B_3_4,ordinary,O1
SCALE02,VDF,B_4_1,ordinary,O1
SCALE02,VDF,B_4_3,precision,P1
SCALE02,VDF,B_4_4,ordinary,O1
SCALE02,VDF,B_5_1,ordinary,O2
SCALE02,VDF,B_5_2,ordinary,O2
SCALE02,VDF,B_5_3,ordinary,O2
SCALE02,VDF,B_5_4,ordinary,O2
SCALE02,MG,B_1_1,ordinary,O3
SCALE02,MG,B_1_2,precision,P1
SCALE02,MG,B_1_3,ordinary,O2
SCALE02,MG,B_1_4,ordinary,O3
SCALE02,MG,B_2_1,ordinary,O1
SCALE02,MG,B_2_2,precision,P1
SCALE02,MG,B_2_3,precision,P2
SCALE02,MG,B_2_4,ordinary,O1
SCALE02,MG,B_3_1,ordinary,O1
SCALE02,MG,B_3_4,ordinary,O1
SCALE02,MG,B_4_1,ordinary,O1
SCALE02,MG,B_4_3,ordinary,O3
SCALE02,MG,B_4_4,ordinary,O1
SCALE02,MG,B_5_1,ordinary,O2
SCALE02,MG,B_5_2,ordinary,O2
SCALE02,MG,B_5_3,ordinary,O2
SCALE02,MG,B_5_4,ordinary,O2
SCALE02,MG-LS,B_1_1,precision,P2
SCALE02,MG-LS,B_1_2,precision,P1
SCALE02,MG-LS,B_1_3,ordinary,O2
SCALE02,MG-LS,B_1_4,ordinary,O3
SCALE02,MG-LS,B_2_1,precision,P2
SCALE02,MG-LS,B_2_2,precision,P1
SCALE02,MG-LS,B_2_3,ordinary,O1
SCALE02,MG-LS,B_2_4,ordinary,O1
SCALE02,MG-LS,B_3_1,ordinary,O1
SCALE02,MG-LS,B_3_2,ordinary,O3
SCALE02,MG-LS,B_3_4,ordinary,O1
SCALE02,MG-LS,B_4_1,ordinary,O1
SCALE02,MG-LS,B_4_3,ordinary,O3
SCALE02,MG-LS,B_4_4,ordinary,O1
SCALE02,MG-LS,B_5_1,ordinary,O2
SCALE02,MG-LS,B_5_2,ordinary,O2
SCALE02,MG-LS,B_5_3,ordinary,O2
SCALE02,MG-LS,B_5_4,ordinary,O2
SCALE03,VF,B_1_1,precision,P1
SCALE03,VF,B_1_3,precision,P1
SCALE03,VF,B_2_1,precision,P1
SCALE03,VF,B_2_3,precision,P2
SCALE03,VF,B_2_5,precision,P2
SCALE03,VF,B_3_1,ordinary,O1
SCALE03,VF,B_3_5,ordinary,O1
SCALE03,VF,B_4_1,ordinary,O1
SCALE03,VF,B_4_4,ordinary,O1
SCALE03,VF,B_4_5,ordinary,O1
SCALE03,VF,B_5_1,ordinary,O1
SCALE03,VF,B_5_3,ordinary,O2
SCALE03,VF,B_5_4,ordinary,O2
SCALE03,VF,B_5_5,ordinary,O2
SCALE03,VF,B_6_1,ordinary,O2
SCALE03,VF,B_6_2,ordinary,O2
SCALE03,VF,B_6_3,ordinary,O3
SCALE03,VF,B_6_4,ordinary,O3
SCALE03,VF,B_6_5,ordinary,O3
SCALE03,VDF,B_1_1,ordinary,O1
SCALE03,VDF,B_1_3,ordinary,O1
SCALE03,VDF,B_2_1,ordinary,O1
SCALE03,VDF,B_2_3,ordinary,O1
SCALE03,VDF,B_2_5,ordinary,O1
SCALE03,VDF,B_3_1,ordinary,O1
SCALE03,VDF,B_3_5,ordinary,O2
SCALE03,VDF,B_4_1,ordinary,O2
SCALE03,VDF,B_4_4,ordinary,O2
SCALE03,VDF,B_4_5,ordinary,O2
SCALE03,VDF,B_5_1,ordinary,O2
SCALE03,VDF,B_5_3,precision,P1
SCALE03,VDF,B_5_4,precision,P1
SCALE03,VDF,B_5_5,precision,P1
SCALE03,VDF,B_6_1,ordinary,O3
SCALE03,VDF,B_6_2,ordinary,O3
SCALE03,VDF,B_6_3,ordinary,O3
SCALE03,VDF,B_6_4,precision,P2
SCALE03,VDF,B_6_5,precision,P2
SCALE03,MG,B_1_1,ordinary,O1
SCALE03,MG,B_1_3,ordinary,O1
SCALE03,MG,B_2_1,ordinary,O1
SCALE03,MG,B_2_3,ordinary,O1
SCALE03,MG,B_2_5,ordinary,O1
SCALE03,MG,B_3_1,ordinary,O1
SCALE03,MG,B_3_5,ordinary,O2
SCALE03,MG,B_4_1,ordinary,O2
SCALE03,MG,B_4_4,ordinary,O2
SCALE03,MG,B_4_5,ordinary,O2
SCALE03,MG,B_5_1,ordinary,O2
SCALE03,MG,B_5_3,ordinary,O3
SCALE03,MG,B_5_4,ordinary,O3
SCALE03,MG,B_5_5,ordinary,O3
SCALE03,MG,B_6_1,precision,P1
SCALE03,MG,B_6_2,precision,P1
SCALE03,MG,B_6_3,precision,P1
SCALE03,MG,B_6_4,precision,P2
SCALE03,MG,B_6_5,precision,P2
SCALE03,MG-LS,B_1_1,ordinary,O1
SCALE03,MG-LS,B_1_3,ordinary,O1
SCALE03,MG-LS,B_2_1,ordinary,O1
SCALE03,MG-LS,B_2_3,ordinary,O1
SCALE03,MG-LS,B_2_5,ordinary,O1
SCALE03,MG-LS,B_3_1,ordinary,O1
SCALE03,MG-LS,B_3_5,ordinary,O2
SCALE03,MG-LS,B_4_1,ordinary,O2
SCALE03,MG-LS,B_4_4,ordinary,O2
SCALE03,MG-LS,B_4_5,ordinary,O2
SCALE03,MG-LS,B_5_1,ordinary,O2
SCALE03,MG-LS,B_5_3,ordinary,O3
SCALE03,MG-LS,B_5_4,ordinary,O3
SCALE03,MG-LS,B_5_5,ordinary,O3
SCALE03,MG-LS,B_6_1,precision,P1
SCALE03,MG-LS,B_6_2,precision,P1
SCALE03,MG-LS,B_6_3,precision,P1
SCALE03,MG-LS,B_6_4,precision,P2
SCALE03,MG-LS,B_6_5,precision,P2
SCALE04,VF,B_1_1,precision,P1
SCALE04,VF,B_1_3,precision,P1
SCALE04,VF,B_2_1,precision,P1
SCALE04,VF,B_2_3,precision,P2
SCALE04,VF,B_2_5,precision,P2
SCALE04,VF,B_3_1,ordinary,O1
SCALE04,VF,B_3_3,ordinary,O1
SCALE04,VF,B_3_5,ordinary,O1
SCALE04,VF,B_4_1,ordinary,O1
SCALE04,VF,B_4_5,ordinary,O1
SCALE04,VF,B_5_1,ordinary,O1
SCALE04,VF,B_5_4,ordinary,O2
SCALE04,VF,B_5_5,ordinary,O2
SCALE04,VF,B_6_1,ordinary,O2
SCALE04,VF,B_6_3,ordinary,O2
SCALE04,VF,B_6_4,ordinary,O2
SCALE04,VF,B_6_5,ordinary,O3
SCALE04,VF,B_7_1,ordinary,O3
SCALE04,VF,B_7_2,ordinary,O3
SCALE04,VDF,B_1_1,ordinary,O1
SCALE04,VDF,B_1_3,ordinary,O1
SCALE04,VDF,B_2_1,ordinary,O1
SCALE04,VDF,B_2_3,ordinary,O1
SCALE04,VDF,B_2_5,ordinary,O1
SCALE04,VDF,B_3_1,ordinary,O1
SCALE04,VDF,B_3_3,ordinary,O2
SCALE04,VDF,B_3_5,ordinary,O2
SCALE04,VDF,B_4_1,ordinary,O2
SCALE04,VDF,B_4_5,ordinary,O2
SCALE04,VDF,B_5_1,ordinary,O2
SCALE04,VDF,B_5_4,precision,P1
SCALE04,VDF,B_5_5,precision,P1
SCALE04,VDF,B_6_1,precision,P1
SCALE04,VDF,B_6_3,ordinary,O3
SCALE04,VDF,B_6_4,ordinary,O3
SCALE04,VDF,B_6_5,ordinary,O3
SCALE04,VDF,B_7_1,precision,P2
SCALE04,VDF,B_7_2,precision,P2
SCALE04,MG,B_1_1,ordinary,O1
SCALE04,MG,B_1_3,ordinary,O1
SCALE04,MG,B_2_1,ordinary,O1
SCALE04,MG,B_2_3,ordinary,O1
SCALE04,MG,B_2_5,ordinary,O1
SCALE04,MG,B_3_1,ordinary,O1
SCALE04,MG,B_3_3,ordinary,O2
SCALE04,MG,B_3_5,ordinary,O2
SCALE04,MG,B_4_1,ordinary,O2
SCALE04,MG,B_4_5,ordinary,O2
SCALE04,MG,B_5_1,ordinary,O2
SCALE04,MG,B_5_4,ordinary,O3
SCALE04,MG,B_5_5,ordinary,O3
SCALE04,MG,B_6_1,ordinary,O3
SCALE04,MG,B_7_1,precision,P1
SCALE04,MG,B_7_2,precision,P1
SCALE04,MG,B_7_3,precision,P1
SCALE04,MG,B_7_4,precision,P2
SCALE04,MG,B_7_5,precision,P2
SCALE04,MG-LS,B_1_1,ordinary,O1
SCALE04,MG-LS,B_1_3,ordinary,O1
SCALE04,MG-LS,B_2_1,ordinary,O1
SCALE04,MG-LS,B_2_3,ordinary,O1
SCALE04,MG-LS,B_2_5,ordinary,O1
SCALE04,MG-LS,B_3_1,ordinary,O1
SCALE04,MG-LS,B_3_3,ordinary,O2
SCALE04,MG-LS,B_3_5,ordinary,O2
SCALE04,MG-LS,B_4_1,ordinary,O2
SCALE04,MG-LS,B_4_5,ordinary,O2
SCALE04,MG-LS,B_5_1,ordinary,O2
SCALE04,MG-LS,B_5_4,ordinary,O3
SCALE04,MG-LS,B_5_5,ordinary,O3
SCALE04,MG-LS,B_6_1,ordinary,O3
SCALE04,MG-LS,B_7_1,precision,P1
SCALE04,MG-LS,B_7_2,precision,P1
SCALE04,MG-LS,B_7_3,precision,P1
SCALE04,MG-LS,B_7_4,precision,P2
SCALE04,MG-LS,B_7_5,precision,P2
SCALE05,VF,B_1_1,precision,P1
SCALE05,VF,B_1_3,precision,P1
SCALE05,VF,B_1_4,precision,P1
SCALE05,VF,B_1_6,precision,P2
SCALE05,VF,B_2_1,precision,P2
SCALE05,VF,B_2_3,ordinary,O1
SCALE05,VF,B_2_4,ordinary,O1
SCALE05,VF,B_2_6,ordinary,O1
SCALE05,VF,B_3_1,ordinary,O1
SCALE05,VF,B_3_3,ordinary,O1
SCALE05,VF,B_3_6,ordinary,O1
SCALE05,VF,B_4_1,ordinary,O2
SCALE05,VF,B_4_5,ordinary,O2
SCALE05,VF,B_4_6,ordinary,O2
SCALE05,VF,B_5_1,ordinary,O2
SCALE05,VF,B_5_5,ordinary,O2
SCALE05,VF,B_5_6,ordinary,O3
SCALE05,VF,B_6_1,ordinary,O3
SCALE05,VF,B_6_5,ordinary,O3
SCALE05,VDF,B_1_1,ordinary,O1
SCALE05,VDF,B_1_3,ordinary,O1
SCALE05,VDF,B_1_4,ordinary,O1
SCALE05,VDF,B_1_6,ordinary,O1
SCALE05,VDF,B_2_1,ordinary,O1
SCALE05,VDF,B_2_3,ordinary,O1
SCALE05,VDF,B_2_4,ordinary,O2
SCALE05,VDF,B_2_6,ordinary,O2
SCALE05,VDF,B_3_1,ordinary,O2
SCALE05,VDF,B_3_3,ordinary,O2
SCALE05,VDF,B_3_6,ordinary,O2
SCALE05,VDF,B_4_1,precision,P1
SCALE05,VDF,B_4_5,precision,P1
SCALE05,VDF,B_4_6,precision,P1
SCALE05,VDF,B_5_1,ordinary,O3
SCALE05,VDF,B_5_5,ordinary,O3
SCALE05,VDF,B_5_6,ordinary,O3
SCALE05,VDF,B_6_1,precision,P2
SCALE05,VDF,B_6_5,precision,P2
SCALE05,MG,B_1_1,ordinary,O1
SCALE05,MG,B_1_3,ordinary,O1
SCALE05,MG,B_1_4,ordinary,O1
SCALE05,MG,B_1_6,ordinary,O1
SCALE05,MG,B_2_1,ordinary,O1
SCALE05,MG,B_2_3,ordinary,O1
SCALE05,MG,B_2_4,ordinary,O2
SCALE05,MG,B_2_6,ordinary,O2
SCALE05,MG,B_3_1,ordinary,O2
SCALE05,MG,B_3_3,ordinary,O2
SCALE05,MG,B_3_6,ordinary,O2
SCALE05,MG,B_4_1,ordinary,O3
SCALE05,MG,B_4_5,ordinary,O3
SCALE05,MG,B_4_6,ordinary,O3
SCALE05,MG,B_5_1,precision,P2
SCALE05,MG,B_6_1,precision,P1
SCALE05,MG,B_7_1,precision,P1
SCALE05,MG,B_8_1,precision,P1
SCALE05,MG,B_8_2,precision,P2
SCALE05,MG-LS,B_1_1,ordinary,O1
SCALE05,MG-LS,B_1_3,ordinary,O1
SCALE05,MG-LS,B_1_4,ordinary,O1
SCALE05,MG-LS,B_1_6,ordinary,O1
SCALE05,MG-LS,B_2_1,ordinary,O1
SCALE05,MG-LS,B_2_3,ordinary,O1
SCALE05,MG-LS,B_2_4,ordinary,O2
SCALE05,MG-LS,B_2_6,ordinary,O2
SCALE05,MG-LS,B_3_1,ordinary,O2
SCALE05,MG-LS,B_3_3,ordinary,O2
SCALE05,MG-LS,B_3_6,ordinary,O2
SCALE05,MG-LS,B_4_1,ordinary,O3
SCALE05,MG-LS,B_4_5,ordinary,O3
SCALE05,MG-LS,B_4_6,ordinary,O3
SCALE05,MG-LS,B_6_1,precision,P1
SCALE05,MG-LS,B_7_1,precision,P1
SCALE05,MG-LS,B_7_2,precision,P2
SCALE05,MG-LS,B_8_1,precision,P1
SCALE05,MG-LS,B_8_2,precision,P2
SCALE06,VF,B_10_1,precision,P1
SCALE06,VF,B_10_2,precision,P1
SCALE06,VF,B_10_3,precision,P1
SCALE06,VF,B_10_4,precision,P2
SCALE06,VF,B_10_5,precision,P2
SCALE06,VF,B_10_6,ordinary,O1
SCALE06,VF,B_1_1,ordinary,O1
SCALE06,VF,B_1_2,ordinary,O1
SCALE06,VF,B_1_3,ordinary,O1
SCALE06,VF,B_1_4,ordinary,O1
SCALE06,VF,B_1_5,ordinary,O1
SCALE06,VF,B_1_6,ordinary,O2
SCALE06,VF,B_2_1,ordinary,O2
SCALE06,VF,B_2_3,ordinary,O2
SCALE06,VF,B_2_4,ordinary,O2
SCALE06,VF,B_2_6,ordinary,O2
SCALE06,VF,B_3_1,ordinary,O3
SCALE06,VF,B_3_3,ordinary,O3
SCALE06,VF,B_3_4,ordinary,O3
SCALE06,VDF,B_10_1,ordinary,O1
SCALE06,VDF,B_10_2,ordinary,O1
SCALE06,VDF,B_10_3,ordinary,O1
SCALE06,VDF,B_10_4,ordinary,O1
SCALE06,VDF,B_10_5,ordinary,O1
SCALE06,VDF,B_10_6,ordinary,O1
SCALE06,VDF,B_1_1,ordinary,O2
SCALE06,VDF,B_1_2,ordinary,O2
SCALE06,VDF,B_1_3,ordinary,O2
SCALE06,VDF,B_1_4,ordinary,O2
SCALE06,VDF,B_1_5,ordinary,O2
SCALE06,VDF,B_1_6,precision,P1
SCALE06,VDF,B_2_1,precision,P1
SCALE06,VDF,B_2_3,precision,P1
SCALE06,VDF,B_2_4,ordinary,O3
SCALE06,VDF,B_2_6,ordinary,O3
SCALE06,VDF,B_3_1,ordinary,O3
SCALE06,VDF,B_3_3,precision,P2
SCALE06,VDF,B_3_4,precision,P2
SCALE06,MG,B_10_1,ordinary,O1
SCALE06,MG,B_10_2,ordinary,O1
SCALE06,MG,B_10_3,ordinary,O1
SCALE06,MG,B_10_4,ordinary,O1
SCALE06,MG,B_10_5,ordinary,O1
SCALE06,MG,B_10_6,ordinary,O1
SCALE06,MG,B_1_1,ordinary,O2
SCALE06,MG,B_1_2,ordinary,O2
SCALE06,MG,B_1_3,ordinary,O2
SCALE06,MG,B_1_4,ordinary,O2
SCALE06,MG,B_1_5,ordinary,O2
SCALE06,MG,B_1_6,ordinary,O3
SCALE06,MG,B_2_1,ordinary,O3
SCALE06,MG,B_2_3,ordinary,O3
SCALE06,MG,B_2_6,precision,P1
SCALE06,MG,B_3_6,precision,P1
SCALE06,MG,B_4_6,precision,P1
SCALE06,MG,B_5_6,precision,P2
SCALE06,MG,B_6_6,precision,P2
SCALE06,MG-LS,B_10_1,ordinary,O1
SCALE06,MG-LS,B_10_2,ordinary,O1
SCALE06,MG-LS,B_10_3,ordinary,O1
SCALE06,MG-LS,B_10_4,ordinary,O1
SCALE06,MG-LS,B_10_5,ordinary,O1
SCALE06,MG-LS,B_10_6,ordinary,O1
SCALE06,MG-LS,B_1_1,ordinary,O2
SCALE06,MG-LS,B_1_2,ordinary,O2
SCALE06,MG-LS,B_1_3,ordinary,O2
SCALE06,MG-LS,B_1_4,ordinary,O2
SCALE06,MG-LS,B_1_5,ordinary,O2
SCALE06,MG-LS,B_1_6,precision,P2
SCALE06,MG-LS,B_2_1,ordinary,O3
SCALE06,MG-LS,B_2_3,ordinary,O3
SCALE06,MG-LS,B_2_6,precision,P1
SCALE06,MG-LS,B_3_6,precision,P1
SCALE06,MG-LS,B_4_6,precision,P1
SCALE06,MG-LS,B_5_6,precision,P2
SCALE06,MG-LS,B_6_6,ordinary,O3
TIME01,VF,B_1_1,precision,P1
TIME01,VF,B_1_3,precision,P2
TIME01,VF,B_2_1,ordinary,O1
TIME01,VF,B_2_3,ordinary,O1
TIME01,VF,B_2_5,ordinary,O1
TIME01,VF,B_3_1,ordinary,O2
TIME01,VF,B_3_5,ordinary,O2
TIME01,VF,B_4_1,ordinary,O3
TIME01,VF,B_4_4,ordinary,O3
TIME01,VDF,B_1_1,ordinary,O1
TIME01,VDF,B_1_3,ordinary,O1
TIME01,VDF,B_2_1,ordinary,O1
TIME01,VDF,B_2_3,ordinary,O2
TIME01,VDF,B_2_5,ordinary,O2
TIME01,VDF,B_3_1,precision,P1
TIME01,VDF,B_3_5,ordinary,O3
TIME01,VDF,B_4_1,ordinary,O3
TIME01,VDF,B_4_4,precision,P2
TIME01,MG,B_1_1,ordinary,O1
TIME01,MG,B_1_3,ordinary,O1
TIME01,MG,B_2_1,ordinary,O1
TIME01,MG,B_2_3,ordinary,O2
TIME01,MG,B_2_5,ordinary,O2
TIME01,MG,B_3_1,ordinary,O3
TIME01,MG,B_3_5,ordinary,O3
TIME01,MG,B_5_1,precision,P2
TIME01,MG,B_6_1,precision,P1
TIME01,MG-LS,B_1_1,ordinary,O1
TIME01,MG-LS,B_1_3,ordinary,O1
TIME01,MG-LS,B_2_1,ordinary,O1
TIME01,MG-LS,B_2_3,ordinary,O2
TIME01,MG-LS,B_2_5,ordinary,O2
TIME01,MG-LS,B_3_1,ordinary,O3
TIME01,MG-LS,B_3_5,ordinary,O3
TIME01,MG-LS,B_5_1,precision,P2
TIME01,MG-LS,B_6_1,precision,P1
TIME02,VF,B_1_1,precision,P1
TIME02,VF,B_1_3,precision,P1
TIME02,VF,B_2_1,precision,P2
TIME02,VF,B_2_3,ordinary,O1
TIME02,VF,B_2_5,ordinary,O1
TIME02,VF,B_3_1,ordinary,O1
TIME02,VF,B_3_5,ordinary,O1
TIME02,VF,B_4_1,ordinary,O2
TIME02,VF,B_4_4,ordinary,O2
TIME02,VF,B_4_5,ordinary,O2
TIME02,VF,B_5_1,ordinary,O3
TIME02,VF,B_5_3,ordinary,O3
TIME02,VDF,B_1_1,ordinary,O1
TIME02,VDF,B_1_3,ordinary,O1
TIME02,VDF,B_2_1,ordinary,O1
TIME02,VDF,B_2_3,ordinary,O1
TIME02,VDF,B_2_5,ordinary,O2
TIME02,VDF,B_3_1,ordinary,O2
TIME02,VDF,B_3_5,ordinary,O2
TIME02,VDF,B_4_1,precision,P1
TIME02,VDF,B_4_4,precision,P1
TIME02,VDF,B_4_5,ordinary,O3
TIME02,VDF,B_5_1,ordinary,O3
TIME02,VDF,B_5_3,precision,P2
TIME02,MG,B_1_1,ordinary,O1
TIME02,MG,B_1_3,ordinary,O1
TIME02,MG,B_2_1,ordinary,O1
TIME02,MG,B_2_3,ordinary,O1
TIME02,MG,B_2_5,ordinary,O2
TIME02,MG,B_3_1,ordinary,O2
TIME02,MG,B_3_5,ordinary,O2
TIME02,MG,B_4_1,ordinary,O3
TIME02,MG,B_4_4,ordinary,O3
TIME02,MG,B_5_1,precision,P1
TIME02,MG,B_6_1,precision,P1
TIME02,MG,B_6_2,precision,P2
TIME02,MG-LS,B_1_1,ordinary,O1
TIME02,MG-LS,B_1_3,ordinary,O1
TIME02,MG-LS,B_2_1,ordinary,O1
TIME02,MG-LS,B_2_3,ordinary,O1
TIME02,MG-LS,B_2_5,ordinary,O2
TIME02,MG-LS,B_3_1,ordinary,O2
TIME02,MG-LS,B_3_5,ordinary,O2
TIME02,MG-LS,B_4_1,ordinary,O3
TIME02,MG-LS,B_4_4,ordinary,O3
TIME02,MG-LS,B_5_1,precision,P1
TIME02,MG-LS,B_6_1,precision,P1
TIME02,MG-LS,B_6_2,precision,P2
TIME03,VF,B_1_1,precision,P1
TIME03,VF,B_1_3,precision,P1
TIME03,VF,B_2_1,precision,P2
TIME03,VF,B_2_3,precision,P2
TIME03,VF,B_2_5,ordinary,O1
TIME03,VF,B_3_1,ordinary,O1
TIME03,VF,B_3_5,ordinary,O1
TIME03,VF,B_4_1,ordinary,O1
TIME03,VF,B_4_4,ordinary,O1
TIME03,VF,B_4_5,ordinary,O1
TIME03,VF,B_5_1,ordinary,O2
TIME03,VF,B_5_3,ordinary,O2
TIME03,VF,B_5_4,ordinary,O2
TIME03,VF,B_5_5,ordinary,O2
TIME03,VF,B_6_1,ordinary,O3
TIME03,VF,B_6_2,ordinary,O3
TIME03,VF,B_6_3,ordinary,O3
TIME03,VDF,B_1_1,ordinary,O1
TIME03,VDF,B_1_3,ordinary,O1
TIME03,VDF,B_2_1,ordinary,O1
TIME03,VDF,B_2_3,ordinary,O1
TIME03,VDF,B_2_5,ordinary,O1
TIME03,VDF,B_3_1,ordinary,O1
TIME03,VDF,B_3_5,ordinary,O2
TIME03,VDF,B_4_1,ordinary,O2
TIME03,VDF,B_4_4,ordinary,O2
TIME03,VDF,B_4_5,ordinary,O2
TIME03,VDF,B_5_1,precision,P1
TIME03,VDF,B_5_3,precision,P1
TIME03,VDF,B_5_4,ordinary,O3
TIME03,VDF,B_5_5,ordinary,O3
TIME03,VDF,B_6_1,ordinary,O3
TIME03,VDF,B_6_2,precision,P2
TIME03,VDF,B_6_3,precision,P2
TIME03,MG,B_1_1,ordinary,O1
TIME03,MG,B_1_3,ordinary,O1
TIME03,MG,B_2_1,ordinary,O1
TIME03,MG,B_2_3,ordinary,O1
TIME03,MG,B_2_5,ordinary,O1
TIME03,MG,B_3_1,ordinary,O1
TIME03,MG,B_3_5,ordinary,O2
TIME03,MG,B_4_1,ordinary,O2
TIME03,MG,B_4_4,ordinary,O2
TIME03,MG,B_4_5,ordinary,O2
TIME03,MG,B_5_1,ordinary,O3
TIME03,MG,B_5_3,ordinary,O3
TIME03,MG,B_5_4,ordinary,O3
TIME03,MG,B_6_1,precision,P1
TIME03,MG,B_6_2,precision,P1
TIME03,MG,B_6_3,precision,P2
TIME03,MG,B_6_4,precision,P2
TIME03,MG-LS,B_1_1,ordinary,O1
TIME03,MG-LS,B_1_3,ordinary,O1
TIME03,MG-LS,B_2_1,ordinary,O1
TIME03,MG-LS,B_2_3,ordinary,O1
TIME03,MG-LS,B_2_5,ordinary,O1
TIME03,MG-LS,B_3_1,ordinary,O1
TIME03,MG-LS,B_3_5,ordinary,O2
TIME03,MG-LS,B_4_1,ordinary,O2
TIME03,MG-LS,B_4_4,ordinary,O2
TIME03,MG-LS,B_4_5,ordinary,O2
TIME03,MG-LS,B_5_1,ordinary,O3
TIME03,MG-LS,B_5_3,ordinary,O3
TIME03,MG-LS,B_5_4,ordinary,O3
TIME03,MG-LS,B_6_1,precision,P1
TIME03,MG-LS,B_6_2,precision,P1
TIME03,MG-LS,B_6_3,precision,P2
TIME03,MG-LS,B_6_4,precision,P2
TIME04,VF,B_1_1,precision,P1
TIME04,VF,B_1_3,precision,P1
TIME04,VF,B_1_5,ordinary,O3
TIME04,VF,B_2_1,precision,P1
TIME04,VF,B_2_3,precision,P2
TIME04,VF,B_2_5,precision,P2
TIME04,VF,B_3_1,ordinary,O1
TIME04,VF,B_3_5,ordinary,O1
TIME04,VF,B_4_1,ordinary,O1
TIME04,VF,B_4_4,ordinary,O1
TIME04,VF,B_4_5,ordinary,O1
TIME04,VF,B_5_1,ordinary,O1
TIME04,VF,B_5_3,ordinary,O1
TIME04,VF,B_5_4,ordinary,O2
TIME04,VF,B_5_5,ordinary,O2
TIME04,VF,B_6_1,ordinary,O2
TIME04,VF,B_6_2,ordinary,O2
TIME04,VF,B_6_3,ordinary,O2
TIME04,VF,B_6_4,ordinary,O3
TIME04,VF,B_6_5,ordinary,O3
TIME04,VDF,B_1_1,ordinary,O1
TIME04,VDF,B_1_3,ordinary,O1
TIME04,VDF,B_1_5,precision,P2
TIME04,VDF,B_2_1,ordinary,O1
TIME04,VDF,B_2_3,ordinary,O1
TIME04,VDF,B_2_5,ordinary,O1
TIME04,VDF,B_3_1,ordinary,O1
TIME04,VDF,B_3_3,precision,P2
TIME04,VDF,B_3_5,ordinary,O1
TIME04,VDF,B_4_1,ordinary,O2
TIME04,VDF,B_4_4,ordinary,O2
TIME04,VDF,B_4_5,ordinary,O2
TIME04,VDF,B_5_1,ordinary,O2
TIME04,VDF,B_5_3,ordinary,O2
TIME04,VDF,B_5_4,precision,P1
TIME04,VDF,B_5_5,precision,P1
TIME04,VDF,B_6_1,precision,P1
TIME04,VDF,B_6_2,ordinary,O3
TIME04,VDF,B_6_3,ordinary,O3
TIME04,VDF,B_6_4,ordinary,O3
TIME04,VDF,B_6_5,ordinary,O3
TIME04,MG,B_1_1,ordinary,O1
TIME04,MG,B_1_3,ordinary,O1
TIME04,MG,B_1_4,precision,P2
TIME04,MG,B_1_5,precision,P2
TIME04,MG,B_2_1,ordinary,O1
TIME04,MG,B_2_3,ordinary,O1
TIME04,MG,B_2_5,ordinary,O1
TIME04,MG,B_3_1,ordinary,O1
TIME04,MG,B_3_5,ordinary,O1
TIME04,MG,B_4_1,ordinary,O2
TIME04,MG,B_4_4,ordinary,O2
TIME04,MG,B_4_5,ordinary,O2
TIME04,MG,B_5_1,ordinary,O2
TIME04,MG,B_5_3,ordinary,O2
TIME04,MG,B_5_4,ordinary,O3
TIME04,MG,B_5_5,ordinary,O3
TIME04,MG,B_6_1,ordinary,O3
TIME04,MG,B_6_2,ordinary,O3
TIME04,MG,B_6_3,precision,P1
TIME04,MG,B_6_4,precision,P1
TIME04,MG,B_6_5,precision,P1
TIME04,MG-LS,B_1_1,ordinary,O1
TIME04,MG-LS,B_1_3,ordinary,O1
TIME04,MG-LS,B_1_4,precision,P2
TIME04,MG-LS,B_1_5,precision,P2
TIME04,MG-LS,B_2_1,ordinary,O1
TIME04,MG-LS,B_2_3,ordinary,O1
TIME04,MG-LS,B_2_5,ordinary,O1
TIME04,MG-LS,B_3_1,ordinary,O1
TIME04,MG-LS,B_3_5,ordinary,O1
TIME04,MG-LS,B_4_1,ordinary,O2
TIME04,MG-LS,B_4_4,ordinary,O2
TIME04,MG-LS,B_4_5,ordinary,O2
TIME04,MG-LS,B_5_1,ordinary,O2
TIME04,MG-LS,B_5_3,ordinary,O2
TIME04,MG-LS,B_5_4,ordinary,O3
TIME04,MG-LS,B_5_5,ordinary,O3
TIME04,MG-LS,B_6_1,ordinary,O3
TIME04,MG-LS,B_6_2,ordinary,O3
TIME04,MG-LS,B_6_3,precision,P1
TIME04,MG-LS,B_6_4,precision,P1
TIME04,MG-LS,B_6_5,precision,P1
TIME05,VF,B_1_1,precision,P1
TIME05,VF,B_1_2,ordinary,O3
TIME05,VF,B_1_3,precision,P1
TIME05,VF,B_1_4,ordinary,O3
TIME05,VF,B_1_5,ordinary,O3
TIME05,VF,B_2_1,precision,P1
TIME05,VF,B_2_3,precision,P2
TIME05,VF,B_2_5,precision,P2
TIME05,VF,B_3_1,ordinary,O1
TIME05,VF,B_3_3,ordinary,O3
TIME05,VF,B_3_5,ordinary,O1
TIME05,VF,B_4_1,ordinary,O1
TIME05,VF,B_4_4,ordinary,O1
TIME05,VF,B_4_5,ordinary,O1
TIME05,VF,B_5_1,ordinary,O1
TIME05,VF,B_5_3,ordinary,O1
TIME05,VF,B_5_4,ordinary,O1
TIME05,VF,B_5_5,ordinary,O2
TIME05,VF,B_6_1,ordinary,O2
TIME05,VF,B_6_2,ordinary,O2
TIME05,VF,B_6_3,ordinary,O2
TIME05,VF,B_6_4,ordinary,O2
TIME05,VF,B_6_5,ordinary,O2
TIME05,VDF,B_1_1,ordinary,O1
TIME05,VDF,B_1_2,precision,P2
TIME05,VDF,B_1_3,ordinary,O1
TIME05,VDF,B_1_4,precision,P2
TIME05,VDF,B_1_5,ordinary,O3
TIME05,VDF,B_2_1,ordinary,O1
TIME05,VDF,B_2_3,ordinary,O1
TIME05,VDF,B_2_5,ordinary,O1
TIME05,VDF,B_3_1,ordinary,O1
TIME05,VDF,B_3_3,ordinary,O3
TIME05,VDF,B_3_5,ordinary,O1
TIME05,VDF,B_4_1,ordinary,O1
TIME05,VDF,B_4_4,ordinary,O2
TIME05,VDF,B_4_5,ordinary,O2
TIME05,VDF,B_5_1,ordinary,O2
TIME05,VDF,B_5_3,ordinary,O2
TIME05,VDF,B_5_4,ordinary,O2
TIME05,VDF,B_5_5,ordinary,O2
TIME05,VDF,B_6_1,precision,P1
TIME05,VDF,B_6_2,precision,P1
TIME05,VDF,B_6_3,precision,P1
TIME05,VDF,B_6_4,ordinary,O3
TIME05,VDF,B_6_5,ordinary,O3
TIME05,MG,B_1_1,ordinary,O1
TIME05,MG,B_1_3,ordinary,O1
TIME05,MG,B_1_4,precision,P1
TIME05,MG,B_1_5,precision,P1
TIME05,MG,B_2_1,ordinary,O1
TIME05,MG,B_2_3,ordinary,O1
TIME05,MG,B_2_4,precision,P2
TIME05,MG,B_2_5,ordinary,O1
TIME05,MG,B_3_1,ordinary,O1
TIME05,MG,B_3_4,precision,P2
TIME05,MG,B_3_5,ordinary,O1
TIME05,MG,B_4_1,ordinary,O1
TIME05,MG,B_4_4,ordinary,O2
TIME05,MG,B_4_5,ordinary,O2
TIME05,MG,B_5_1,ordinary,O2
TIME05,MG,B_5_3,ordinary,O2
TIME05,MG,B_5_4,ordinary,O2
TIME05,MG,B_5_5,ordinary,O2
TIME05,MG,B_6_1,ordinary,O3
TIME05,MG,B_6_2,ordinary,O3
TIME05,MG,B_6_3,ordinary,O3
TIME05,MG,B_6_4,ordinary,O3
TIME05,MG,B_6_5,precision,P1
TIME05,MG-LS,B_1_1,ordinary,O1
TIME05,MG-LS,B_1_3,precision,P2
TIME05,MG-LS,B_1_4,precision,P1
TIME05,MG-LS,B_1_5,precision,P1
TIME05,MG-LS,B_2_1,ordinary,O1
TIME05,MG-LS,B_2_3,ordinary,O1
TIME05,MG-LS,B_2_4,precision,P2
TIME05,MG-LS,B_2_5,precision,P1
TIME05,MG-LS,B_3_1,ordinary,O1
TIME05,MG-LS,B_3_4,ordinary,O1
TIME05,MG-LS,B_3_5,ordinary,O1
TIME05,MG-LS,B_4_1,ordinary,O1
TIME05,MG-LS,B_4_4,ordinary,O2
TIME05,MG-LS,B_4_5,ordinary,O2
TIME05,MG-LS,B_5_1,ordinary,O2
TIME05,MG-LS,B_5_3,ordinary,O2
TIME05,MG-LS,B_5_4,ordinary,O2
TIME05,MG-LS,B_5_5,ordinary,O2
TIME05,MG-LS,B_6_1,ordinary,O3
TIME05,MG-LS,B_6_2,ordinary,O3
TIME05,MG-LS,B_6_3,ordinary,O3
TIME05,MG-LS,B_6_4,ordinary,O3
TIME05,MG-LS,B_6_5,ordinary,O1
TIME06,VF,B_1_1,precision,P1
TIME06,VF,B_1_2,ordinary,O2
TIME06,VF,B_1_3,precision,P1
TIME06,VF,B_1_4,ordinary,O2
TIME06,VF,B_1_5,ordinary,O2
TIME06,VF,B_2_1,precision,P1
TIME06,VF,B_2_3,precision,P1
TIME06,VF,B_2_4,ordinary,O3
TIME06,VF,B_2_5,precision,P2
TIME06,VF,B_3_1,precision,P2
TIME06,VF,B_3_3,ordinary,O2
TIME06,VF,B_3_4,ordinary,O3
TIME06,VF,B_3_5,precision,P2
TIME06,VF,B_4_1,ordinary,O1
TIME06,VF,B_4_3,ordinary,O3
TIME06,VF,B_4_4,ordinary,O1
TIME06,VF,B_4_5,ordinary,O1
TIME06,VF,B_5_1,ordinary,O1
TIME06,VF,B_5_2,ordinary,O3
TIME06,VF,B_5_3,ordinary,O1
TIME06,VF,B_5_4,ordinary,O1
TIME06,VF,B_5_5,ordinary,O1
TIME06,VF,B_6_1,ordinary,O1
TIME06,VF,B_6_2,ordinary,O1
TIME06,VF,B_6_3,ordinary,O2
TIME06,VF,B_6_4,ordinary,O2
TIME06,VF,B_6_5,ordinary,O2
TIME06,VDF,B_1_1,ordinary,O1
TIME06,VDF,B_1_2,ordinary,O3
TIME06,VDF,B_1_3,ordinary,O1
TIME06,VDF,B_1_4,ordinary,O3
TIME06,VDF,B_1_5,precision,P1
TIME06,VDF,B_2_1,ordinary,O1
TIME06,VDF,B_2_3,ordinary,O1
TIME06,VDF,B_2_5,ordinary,O1
TIME06,VDF,B_3_1,ordinary,O1
TIME06,VDF,B_3_3,ordinary,O3
TIME06,VDF,B_3_4,precision,P2
TIME06,VDF,B_3_5,ordinary,O1
TIME06,VDF,B_4_1,ordinary,O1
TIME06,VDF,B_4_3,ordinary,O3
TIME06,VDF,B_4_4,ordinary,O1
TIME06,VDF,B_4_5,ordinary,O2
TIME06,VDF,B_5_1,ordinary,O2
TIME06,VDF,B_5_2,precision,P2
TIME06,VDF,B_5_3,ordinary,O2
TIME06,VDF,B_5_4,ordinary,O2
TIME06,VDF,B_5_5,ordinary,O2
TIME06,VDF,B_6_1,ordinary,O2
TIME06,VDF,B_6_2,ordinary,O2
TIME06,VDF,B_6_3,precision,P1
TIME06,VDF,B_6_4,precision,P1
TIME06,VDF,B_6_5,precision,P1
TIME06,MG,B_1_1,ordinary,O1
TIME06,MG,B_1_2,precision,P2
TIME06,MG,B_1_3,ordinary,O1
TIME06,MG,B_1_4,precision,P1
TIME06,MG,B_1_5,ordinary,O3
TIME06,MG,B_2_1,ordinary,O1
TIME06,MG,B_2_2,precision,P2
TIME06,MG,B_2_3,ordinary,O1
TIME06,MG,B_2_4,precision,P1
TIME06,MG,B_2_5,ordinary,O1
TIME06,MG,B_3_1,ordinary,O1
TIME06,MG,B_3_3,ordinary,O3
TIME06,MG,B_3_4,precision,P1
TIME06,MG,B_3_5,ordinary,O1
TIME06,MG,B_4_1,ordinary,O1
TIME06,MG,B_4_4,ordinary,O1
TIME06,MG,B_4_5,ordinary,O2
TIME06,MG,B_5_1,ordinary,O2
TIME06,MG,B_5_3,ordinary,O2
TIME06,MG,B_5_4,ordinary,O2
TIME06,MG,B_5_5,ordinary,O2
TIME06,MG,B_6_1,ordinary,O2
TIME06,MG,B_6_2,ordinary,O2
TIME06,MG,B_6_3,ordinary,O3
TIME06,MG,B_6_4,ordinary,O3
TIME06,MG,B_6_5,ordinary,O3
TIME06,MG-LS,B_1_1,ordinary,O1
TIME06,MG-LS,B_1_2,precision,P2
TIME06,MG-LS,B_1_3,precision,P2
TIME06,MG-LS,B_1_4,precision,P1
TIME06,MG-LS,B_1_5,ordinary,O3
TIME06,MG-LS,B_2_1,ordinary,O1
TIME06,MG-LS,B_2_2,precision,P1
TIME06,MG-LS,B_2_3,precision,P2
TIME06,MG-LS,B_2_4,precision,P1
TIME06,MG-LS,B_2_5,ordinary,O1
TIME06,MG-LS,B_3_1,ordinary,O1
TIME06,MG-LS,B_3_3,ordinary,O3
TIME06,MG-LS,B_3_4,ordinary,O1
TIME06,MG-LS,B_3_5,ordinary,O1
TIME06,MG-LS,B_4_1,ordinary,O1
TIME06,MG-LS,B_4_2,ordinary,O1
TIME06,MG-LS,B_4_4,ordinary,O1
TIME06,MG-LS,B_4_5,ordinary,O2
TIME06,MG-LS,B_5_1,ordinary,O2
TIME06,MG-LS,B_5_3,ordinary,O2
TIME06,MG-LS,B_5_4,ordinary,O2
TIME06,MG-LS,B_5_5,ordinary,O2
TIME06,MG-LS,B_6_1,ordinary,O2
TIME06,MG-LS,B_6_2,ordinary,O2
TIME06,MG-LS,B_6_3,ordinary,O3
TIME06,MG-LS,B_6_4,ordinary,O3
TIME06,MG-LS,B_6_5,ordinary,O3
VALUE01,VF,B_1_1,precision,P1
VALUE01,VF,B_1_3,precision,P1
VALUE01,VF,B_2_1,precision,P1
VALUE01,VF,B_2_3,precision,P2
VALUE01,VF,B_2_5,precision,P2
VALUE01,VF,B_3_1,ordinary,O1
VALUE01,VF,B_3_5,ordinary,O1
VALUE01,VF,B_4_1,ordinary,O1
VALUE01,VF,B_4_4,ordinary,O1
VALUE01,VF,B_4_5,ordinary,O1
VALUE01,VF,B_5_1,ordinary,O1
VALUE01,VF,B_5_3,ordinary,O2
VALUE01,VF,B_5_4,ordinary,O2
VALUE01,VF,B_5_5,ordinary,O2
VALUE01,VF,B_6_1,ordinary,O2
VALUE01,VF,B_6_2,ordinary,O2
VALUE01,VF,B_6_3,ordinary,O3
VALUE01,VF,B_6_4,ordinary,O3
VALUE01,VF,B_6_5,ordinary,O3
VALUE01,VDF,B_1_1,ordinary,O1
VALUE01,VDF,B_1_3,ordinary,O1
VALUE01,VDF,B_2_1,ordinary,O1
VALUE01,VDF,B_2_3,ordinary,O1
VALUE01,VDF,B_2_5,ordinary,O1
VALUE01,VDF,B_3_1,ordinary,O1
VALUE01,VDF,B_3_5,ordinary,O2
VALUE01,VDF,B_4_1,ordinary,O2
VALUE01,VDF,B_4_4,ordinary,O2
VALUE01,VDF,B_4_5,ordinary,O2
VALUE01,VDF,B_5_1,ordinary,O2
VALUE01,VDF,B_5_3,precision,P1
VALUE01,VDF,B_5_4,precision,P1
VALUE01,VDF,B_5_5,precision,P1
VALUE01,VDF,B_6_1,ordinary,O3
VALUE01,VDF,B_6_2,ordinary,O3
VALUE01,VDF,B_6_3,ordinary,O3
VALUE01,VDF,B_6_4,precision,P2
VALUE01,VDF,B_6_5,precision,P2
VALUE01,MG,B_1_1,ordinary,O1
VALUE01,MG,B_1_3,ordinary,O1
VALUE01,MG,B_2_1,ordinary,O1
VALUE01,MG,B_2_3,ordinary,O1
VALUE01,MG,B_2_5,ordinary,O1
VALUE01,MG,B_3_1,ordinary,O1
VALUE01,MG,B_3_5,ordinary,O2
VALUE01,MG,B_4_1,ordinary,O2
VALUE01,MG,B_4_4,ordinary,O2
VALUE01,MG,B_4_5,ordinary,O2
VALUE01,MG,B_5_1,ordinary,O2
VALUE01,MG,B_5_3,ordinary,O3
VALUE01,MG,B_5_4,ordinary,O3
VALUE01,MG,B_5_5,ordinary,O3
VALUE01,MG,B_6_1,precision,P1
VALUE01,MG,B_6_2,precision,P1
VALUE01,MG,B_6_3,precision,P1
VALUE01,MG,B_6_4,precision,P2
VALUE01,MG,B_6_5,precision,P2
VALUE01,MG-LS,B_1_1,ordinary,O1
VALUE01,MG-LS,B_1_3,ordinary,O1
VALUE01,MG-LS,B_2_1,ordinary,O1
VALUE01,MG-LS,B_2_3,ordinary,O1
VALUE01,MG-LS,B_2_5,ordinary,O1
VALUE01,MG-LS,B_3_1,ordinary,O1
VALUE01,MG-LS,B_3_5,ordinary,O2
VALUE01,MG-LS,B_4_1,ordinary,O2
VALUE01,MG-LS,B_4_4,ordinary,O2
VALUE01,MG-LS,B_4_5,ordinary,O2
VALUE01,MG-LS,B_5_1,ordinary,O2
VALUE01,MG-LS,B_5_3,ordinary,O3
VALUE01,MG-LS,B_5_4,ordinary,O3
VALUE01,MG-LS,B_5_5,ordinary,O3
VALUE01,MG-LS,B_6_1,precision,P1
VALUE01,MG-LS,B_6_2,precision,P1
VALUE01,MG-LS,B_6_3,precision,P1
VALUE01,MG-LS,B_6_4,precision,P2
VALUE01,MG-LS,B_6_5,precision,P2
VALUE02,VF,B_1_1,precision,P1
VALUE02,VF,B_1_3,precision,P1
VALUE02,VF,B_2_1,precision,P1
VALUE02,VF,B_2_3,precision,P2
VALUE02,VF,B_2_5,precision,P2
VALUE02,VF,B_3_1,ordinary,O1
VALUE02,VF,B_3_5,ordinary,O1
VALUE02,VF,B_4_1,ordinary,O1
VALUE02,VF,B_4_4,ordinary,O1
VALUE02,VF,B_4_5,ordinary,O1
VALUE02,VF,B_5_1,ordinary,O1
VALUE02,VF,B_5_3,ordinary,O2
VALUE02,VF,B_5_4,ordinary,O2
VALUE02,VF,B_5_5,ordinary,O2
VALUE02,VF,B_6_1,ordinary,O2
VALUE02,VF,B_6_2,ordinary,O2
VALUE02,VF,B_6_3,ordinary,O3
VALUE02,VF,B_6_4,ordinary,O3
VALUE02,VF,B_6_5,ordinary,O3
VALUE02,VDF,B_1_1,ordinary,O1
VALUE02,VDF,B_1_3,ordinary,O1
VALUE02,VDF,B_2_1,ordinary,O1
VALUE02,VDF,B_2_3,ordinary,O1
VALUE02,VDF,B_2_5,ordinary,O1
VALUE02,VDF,B_3_1,ordinary,O1
VALUE02,VDF,B_3_5,precision,P1
VALUE02,VDF,B_4_1,precision,P1
VALUE02,VDF,B_4_4,precision,P1
VALUE02,VDF,B_4_5,ordinary,O2
VALUE02,VDF,B_5_1,ordinary,O2
VALUE02,VDF,B_5_3,ordinary,O2
VALUE02,VDF,B_5_4,ordinary,O2
VALUE02,VDF,B_5_5,ordinary,O2
VALUE02,VDF,B_6_1,precision,P2
VALUE02,VDF,B_6_2,precision,P2
VALUE02,VDF,B_6_3,ordinary,O3
VALUE02,VDF,B_6_4,ordinary,O3
VALUE02,VDF,B_6_5,ordinary,O3
VALUE02,MG,B_1_1,precision,P1
VALUE02,MG,B_1_3,ordinary,O1
VALUE02,MG,B_2_1,precision,P1
VALUE02,MG,B_2_3,ordinary,O1
VALUE02,MG,B_2_5,ordinary,O1
VALUE02,MG,B_3_1,precision,P1
VALUE02,MG,B_3_5,ordinary,O1
VALUE02,MG,B_4_1,precision,P2
VALUE02,MG,B_4_4,ordinary,O1
VALUE02,MG,B_4_5,ordinary,O1
VALUE02,MG,B_5_1,precision,P2
VALUE02,MG,B_5_3,ordinary,O2
VALUE02,MG,B_5_4,ordinary,O2
VALUE02,MG,B_5_5,ordinary,O2
VALUE02,MG,B_6_1,ordinary,O2
VALUE02,MG,B_6_2,ordinary,O2
VALUE02,MG,B_6_3,ordinary,O3
VALUE02,MG,B_6_4,ordinary,O3
VALUE02,MG,B_6_5,ordinary,O3
VALUE02,MG-LS,B_1_1,precision,P1
VALUE02,MG-LS,B_1_3,ordinary,O1
VALUE02,MG-LS,B_2_1,precision,P1
VALUE02,MG-LS,B_2_3,ordinary,O1
VALUE02,MG-LS,B_2_5,ordinary,O1
VALUE02,MG-LS,B_3_1,precision,P1
VALUE02,MG-LS,B_3_5,ordinary,O1
VALUE02,MG-LS,B_4_1,precision,P2
VALUE02,MG-LS,B_4_4,ordinary,O1
VALUE02,MG-LS,B_4_5,ordinary,O1
VALUE02,MG-LS,B_5_1,precision,P2
VALUE02,MG-LS,B_5_3,ordinary,O2
VALUE02,MG-LS,B_5_4,ordinary,O2
VALUE02,MG-LS,B_5_5,ordinary,O2
VALUE02,MG-LS,B_6_1,ordinary,O2
VALUE02,MG-LS,B_6_2,ordinary,O2
VALUE02,MG-LS,B_6_3,ordinary,O3
VALUE02,MG-LS,B_6_4,ordinary,O3
VALUE02,MG-LS,B_6_5,ordinary,O3
VALUE03,VF,B_1_1,precision,P1
VALUE03,VF,B_1_3,precision,P1
VALUE03,VF,B_2_1,precision,P1
VALUE03,VF,B_2_3,precision,P2
VALUE03,VF,B_2_5,precision,P2
VALUE03,VF,B_3_1,ordinary,O1
VALUE03,VF,B_3_5,ordinary,O1
VALUE03,VF,B_4_1,ordinary,O1
VALUE03,VF,B_4_4,ordinary,O1
VALUE03,VF,B_4_5,ordinary,O1
VALUE03,VF,B_5_1,ordinary,O1
VALUE03,VF,B_5_3,ordinary,O2
VALUE03,VF,B_5_4,ordinary,O2
VALUE03,VF,B_5_5,ordinary,O2
VALUE03,VF,B_6_1,ordinary,O2
VALUE03,VF,B_6_2,ordinary,O2
VALUE03,VF,B_6_3,ordinary,O3
VALUE03,VF,B_6_4,ordinary,O3
VALUE03,VF,B_6_5,ordinary,O3
VALUE03,VDF,B_1_1,ordinary,O1
VALUE03,VDF,B_1_3,ordinary,O1
VALUE03,VDF,B_2_1,ordinary,O1
VALUE03,VDF,B_2_3,ordinary,O1
VALUE03,VDF,B_2_5,ordinary,O1
VALUE03,VDF,B_3_1,ordinary,O1
VALUE03,VDF,B_3_5,ordinary,O2
VALUE03,VDF,B_4_1,ordinary,O2
VALUE03,VDF,B_4_4,ordinary,O2
VALUE03,VDF,B_4_5,ordinary,O2
VALUE03,VDF,B_5_1,ordinary,O2
VALUE03,VDF,B_5_3,ordinary,O3
VALUE03,VDF,B_5_4,ordinary,O3
VALUE03,VDF,B_5_5,ordinary,O3
VALUE03,VDF,B_6_1,precision,P1
VALUE03,VDF,B_6_2,precision,P1
VALUE03,VDF,B_6_3,precision,P1
VALUE03,VDF,B_6_4,precision,P2
VALUE03,VDF,B_6_5,precision,P2
VALUE03,MG,B_1_1,ordinary,O1
VALUE03,MG,B_1_3,ordinary,O1
VALUE03,MG,B_2_1,ordinary,O1
VALUE03,MG,B_2_3,ordinary,O1
VALUE03,MG,B_2_5,ordinary,O1
VALUE03,MG,B_3_1,ordinary,O1
VALUE03,MG,B_3_5,ordinary,O2
VALUE03,MG,B_4_1,ordinary,O2
VALUE03,MG,B_4_4,ordinary,O2
VALUE03,MG,B_4_5,ordinary,O2
VALUE03,MG,B_5_1,ordinary,O2
VALUE03,MG,B_5_3,ordinary,O3
VALUE03,MG,B_5_4,ordinary,O3
VALUE03,MG,B_5_5,ordinary,O3
VALUE03,MG,B_6_1,precision,P1
VALUE03,MG,B_6_2,precision,P1
VALUE03,MG,B_6_3,precision,P1
VALUE03,MG,B_6_4,precision,P2
VALUE03,MG,B_6_5,precision,P2
VALUE03,MG-LS,B_1_1,ordinary,O1
VALUE03,MG-LS,B_1_3,ordinary,O1
VALUE03,MG-LS,B_2_1,ordinary,O1
VALUE03,MG-LS,B_2_3,ordinary,O1
VALUE03,MG-LS,B_2_5,ordinary,O1
VALUE03,MG-LS,B_3_1,ordinary,O1
VALUE03,MG-LS,B_3_5,ordinary,O2
VALUE03,MG-LS,B_4_1,ordinary,O2
VALUE03,MG-LS,B_4_4,ordinary,O2
VALUE03,MG-LS,B_4_5,ordinary,O2
VALUE03,MG-LS,B_5_1,ordinary,O2
VALUE03,MG-LS,B_5_3,ordinary,O3
VALUE03,MG-LS,B_5_4,ordinary,O3
VALUE03,MG-LS,B_5_5,ordinary,O3
VALUE03,MG-LS,B_6_1,precision,P1
VALUE03,MG-LS,B_6_2,precision,P1
VALUE03,MG-LS,B_6_3,precision,P1
VALUE03,MG-LS,B_6_4,precision,P2
VALUE03,MG-LS,B_6_5,precision,P2
VALUE04,VF,B_1_1,precision,P1
VALUE04,VF,B_1_3,precision,P1
VALUE04,VF,B_2_1,precision,P1
VALUE04,VF,B_2_3,precision,P2
VALUE04,VF,B_2_5,precision,P2
VALUE04,VF,B_3_1,ordinary,O1
VALUE04,VF,B_3_5,ordinary,O1
VALUE04,VF,B_4_1,ordinary,O1
VALUE04,VF,B_4_4,ordinary,O1
VALUE04,VF,B_4_5,ordinary,O1
VALUE04,VF,B_5_1,ordinary,O1
VALUE04,VF,B_5_3,ordinary,O2
VALUE04,VF,B_5_4,ordinary,O2
VALUE04,VF,B_5_5,ordinary,O2
VALUE04,VF,B_6_1,ordinary,O2
VALUE04,VF,B_6_2,ordinary,O2
VALUE04,VF,B_6_3,ordinary,O3
VALUE04,VF,B_6_4,ordinary,O3
VALUE04,VF,B_6_5,ordinary,O3
VALUE04,VDF,B_1_1,ordinary,O1
VALUE04,VDF,B_1_3,ordinary,O1
VALUE04,VDF,B_2_1,ordinary,O1
VALUE04,VDF,B_2_3,ordinary,O1
VALUE04,VDF,B_2_5,ordinary,O1
VALUE04,VDF,B_3_1,ordinary,O1
VALUE04,VDF,B_3_5,ordinary,O2
VALUE04,VDF,B_4_1,ordinary,O2
VALUE04,VDF,B_4_4,ordinary,O2
VALUE04,VDF,B_4_5,ordinary,O2
VALUE04,VDF,B_5_1,ordinary,O2
VALUE04,VDF,B_5_3,precision,P1
VALUE04,VDF,B_5_4,precision,P1
VALUE04,VDF,B_5_5,precision,P1
VALUE04,VDF,B_6_1,precision,P2
VALUE04,VDF,B_6_2,precision,P2
VALUE04,VDF,B_6_3,ordinary,O3
VALUE04,VDF,B_6_4,ordinary,O3
VALUE04,VDF,B_6_5,ordinary,O3
VALUE04,MG,B_1_1,ordinary,O1
VALUE04,MG,B_1_3,ordinary,O1
VALUE04,MG,B_2_1,ordinary,O1
VALUE04,MG,B_2_3,ordinary,O1
VALUE04,MG,B_2_5,ordinary,O1
VALUE04,MG,B_3_1,ordinary,O1
VALUE04,MG,B_3_5,ordinary,O2
VALUE04,MG,B_4_1,precision,P1
VALUE04,MG,B_4_4,ordinary,O2
VALUE04,MG,B_4_5,ordinary,O2
VALUE04,MG,B_5_1,precision,P1
VALUE04,MG,B_5_2,precision,P2
VALUE04,MG,B_5_3,ordinary,O2
VALUE04,MG,B_5_4,ordinary,O2
VALUE04,MG,B_5_5,ordinary,O3
VALUE04,MG,B_6_1,precision,P1
VALUE04,MG,B_6_2,precision,P2
VALUE04,MG,B_6_3,ordinary,O3
VALUE04,MG,B_6_4,ordinary,O3
VALUE04,MG-LS,B_1_1,ordinary,O1
VALUE04,MG-LS,B_1_3,ordinary,O1
VALUE04,MG-LS,B_2_1,ordinary,O1
VALUE04,MG-LS,B_2_3,ordinary,O1
VALUE04,MG-LS,B_2_5,ordinary,O1
VALUE04,MG-LS,B_3_1,ordinary,O1
VALUE04,MG-LS,B_3_5,ordinary,O2
VALUE04,MG-LS,B_4_1,precision,P1
VALUE04,MG-LS,B_4_4,ordinary,O2
VALUE04,MG-LS,B_4_5,ordinary,O2
VALUE04,MG-LS,B_5_1,precision,P1
VALUE04,MG-LS,B_5_2,precision,P2
VALUE04,MG-LS,B_5_3,ordinary,O2
VALUE04,MG-LS,B_5_4,ordinary,O2
VALUE04,MG-LS,B_5_5,ordinary,O3
VALUE04,MG-LS,B_6_1,precision,P1
VALUE04,MG-LS,B_6_2,precision,P2
VALUE04,MG-LS,B_6_3,ordinary,O3
VALUE04,MG-LS,B_6_4,ordinary,O3
VALUE05,VF,B_1_1,precision,P1
VALUE05,VF,B_1_3,precision,P1
VALUE05,VF,B_2_1,precision,P1
VALUE05,VF,B_2_3,precision,P2
VALUE05,VF,B_2_5,precision,P2
VALUE05,VF,B_3_1,ordinary,O1
VALUE05,VF,B_3_5,ordinary,O1
VALUE05,VF,B_4_1,ordinary,O1
VALUE05,VF,B_4_4,ordinary,O1
VALUE05,VF,B_4_5,ordinary,O1
VALUE05,VF,B_5_1,ordinary,O1
VALUE05,VF,B_5_3,ordinary,O2
VALUE05,VF,B_5_4,ordinary,O2
VALUE05,VF,B_5_5,ordinary,O2
VALUE05,VF,B_6_1,ordinary,O2
VALUE05,VF,B_6_2,ordinary,O2
VALUE05,VF,B_6_3,ordinary,O3
VALUE05,VF,B_6_4,ordinary,O3
VALUE05,VF,B_6_5,ordinary,O3
VALUE05,VDF,B_1_1,ordinary,O1
VALUE05,VDF,B_1_3,ordinary,O1
VALUE05,VDF,B_2_1,ordinary,O1
VALUE05,VDF,B_2_3,ordinary,O1
VALUE05,VDF,B_2_5,ordinary,O1
VALUE05,VDF,B_3_1,ordinary,O1
VALUE05,VDF,B_3_5,ordinary,O2
VALUE05,VDF,B_4_1,ordinary,O2
VALUE05,VDF,B_4_4,ordinary,O2
VALUE05,VDF,B_4_5,ordinary,O2
VALUE05,VDF,B_5_1,ordinary,O2
VALUE05,VDF,B_5_3,precision,P1
VALUE05,VDF,B_5_4,precision,P1
VALUE05,VDF,B_5_5,precision,P1
VALUE05,VDF,B_6_1,precision,P2
VALUE05,VDF,B_6_2,precision,P2
VALUE05,VDF,B_6_3,ordinary,O3
VALUE05,VDF,B_6_4,ordinary,O3
VALUE05,VDF,B_6_5,ordinary,O3
VALUE05,MG,B_1_1,ordinary,O1
VALUE05,MG,B_1_3,ordinary,O1
VALUE05,MG,B_2_1,ordinary,O1
VALUE05,MG,B_2_3,ordinary,O1
VALUE05,MG,B_2_5,ordinary,O1
VALUE05,MG,B_3_1,ordinary,O1
VALUE05,MG,B_3_5,ordinary,O2
VALUE05,MG,B_4_1,ordinary,O2
VALUE05,MG,B_4_4,ordinary,O2
VALUE05,MG,B_4_5,ordinary,O2
VALUE05,MG,B_5_1,ordinary,O2
VALUE05,MG,B_5_3,ordinary,O3
VALUE05,MG,B_5_4,ordinary,O3
VALUE05,MG,B_5_5,ordinary,O3
VALUE05,MG-LS,B_1_1,ordinary,O1
VALUE05,MG-LS,B_1_3,ordinary,O1
VALUE05,MG-LS,B_2_1,ordinary,O1
VALUE05,MG-LS,B_2_3,ordinary,O1
VALUE05,MG-LS,B_2_5,ordinary,O1
VALUE05,MG-LS,B_3_1,ordinary,O1
VALUE05,MG-LS,B_3_5,ordinary,O2
VALUE05,MG-LS,B_4_1,ordinary,O2
VALUE05,MG-LS,B_4_4,ordinary,O2
VALUE05,MG-LS,B_4_5,ordinary,O2
VALUE05,MG-LS,B_5_1,ordinary,O2
VALUE05,MG-LS,B_5_3,ordinary,O3
VALUE05,MG-LS,B_5_4,ordinary,O3
VALUE05,MG-LS,B_5_5,ordinary,O3
VALUE06,VF,B_1_1,precision,P1
VALUE06,VF,B_1_3,precision,P1
VALUE06,VF,B_2_1,precision,P1
VALUE06,VF,B_2_3,precision,P2
VALUE06,VF,B_2_5,precision,P2
VALUE06,VF,B_3_1,ordinary,O1
VALUE06,VF,B_3_5,ordinary,O1
VALUE06,VF,B_4_1,ordinary,O1
VALUE06,VF,B_4_4,ordinary,O1
VALUE06,VF,B_4_5,ordinary,O1
VALUE06,VF,B_5_1,ordinary,O1
VALUE06,VF,B_5_3,ordinary,O2
VALUE06,VF,B_5_4,ordinary,O2
VALUE06,VF,B_5_5,ordinary,O2
VALUE06,VF,B_6_1,ordinary,O2
VALUE06,VF,B_6_2,ordinary,O2
VALUE06,VF,B_6_3,ordinary,O3
VALUE06,VF,B_6_4,ordinary,O3
VALUE06,VF,B_6_5,ordinary,O3
VALUE06,VDF,B_1_1,ordinary,O1
VALUE06,VDF,B_1_3,ordinary,O1
VALUE06,VDF,B_2_1,ordinary,O1
VALUE06,VDF,B_2_3,ordinary,O1
VALUE06,VDF,B_2_5,ordinary,O1
VALUE06,VDF,B_3_1,ordinary,O1
VALUE06,VDF,B_3_5,ordinary,O2
VALUE06,VDF,B_4_1,ordinary,O2
VALUE06,VDF,B_4_4,ordinary,O2
VALUE06,VDF,B_4_5,ordinary,O2
VALUE06,VDF,B_5_1,ordinary,O2
VALUE06,VDF,B_5_3,precision,P1
VALUE06,VDF,B_5_4,precision,P1
VALUE06,VDF,B_5_5,precision,P1
VALUE06,VDF,B_6_1,ordinary,O3
VALUE06,VDF,B_6_2,ordinary,O3
VALUE06,VDF,B_6_3,ordinary,O3
VALUE06,VDF,B_6_4,precision,P2
VALUE06,VDF,B_6_5,precision,P2
VALUE06,MG,B_1_1,ordinary,O1
VALUE06,MG,B_1_3,ordinary,O1
VALUE06,MG,B_2_1,ordinary,O1
VALUE06,MG,B_2_3,ordinary,O1
VALUE06,MG,B_2_5,ordinary,O1
VALUE06,MG,B_3_1,ordinary,O1
VALUE06,MG,B_3_5,ordinary,O2
VALUE06,MG,B_4_1,ordinary,O2
VALUE06,MG,B_4_4,ordinary,O2
VALUE06,MG,B_4_5,ordinary,O2
VALUE06,MG,B_5_1,ordinary,O2
VALUE06,MG,B_5_3,ordinary,O3
VALUE06,MG,B_5_4,ordinary,O3
VALUE06,MG,B_5_5,ordinary,O3
VALUE06,MG,B_6_1,precision,P1
VALUE06,MG,B_6_2,precision,P1
VALUE06,MG,B_6_3,precision,P1
VALUE06,MG,B_6_4,precision,P2
VALUE06,MG,B_6_5,precision,P2
VALUE06,MG-LS,B_1_1,ordinary,O1
VALUE06,MG-LS,B_1_3,ordinary,O1
VALUE06,MG-LS,B_2_1,ordinary,O1
VALUE06,MG-LS,B_2_3,ordinary,O1
VALUE06,MG-LS,B_2_5,ordinary,O1
VALUE06,MG-LS,B_3_1,ordinary,O1
VALUE06,MG-LS,B_3_5,ordinary,O2
VALUE06,MG-LS,B_4_1,ordinary,O2
VALUE06,MG-LS,B_4_4,ordinary,O2
VALUE06,MG-LS,B_4_5,ordinary,O2
VALUE06,MG-LS,B_5_1,ordinary,O2
VALUE06,MG-LS,B_5_3,ordinary,O3
VALUE06,MG-LS,B_5_4,ordinary,O3
VALUE06,MG-LS,B_5_5,ordinary,O3
VALUE06,MG-LS,B_6_1,precision,P1
VALUE06,MG-LS,B_6_2,precision,P1
VALUE06,MG-LS,B_6_3,precision,P1
VALUE06,MG-LS,B_6_4,precision,P2
VALUE06,MG-LS,B_6_5,precision,P2
